config,seed,accuracy,f1_macro,balanced_accuracy,kappa,majority_accuracy,majority_f1_macro,f1_baseline,f1_stress,f1_amusement,f1_meditation,n_parameters,seconds_per_epoch,train_seconds,epochs_run,peak_gpu_mb,n_folds,f1_non-stress
a_four_class_bigru_attn_nods_w10,42,0.7254111632707487,0.620664644671325,0.6442901076053154,0.6205222978459685,0.3950025447271214,0.14157501849233314,0.8085784977729478,0.8256791631168198,0.10702603117003077,0.7413748866255011,767748.0,1.9679999999999997,21.000000000000004,10.666666666666666,697.0,15,
a_four_class_bigru_attn_nods_w10,43,0.7044898298744933,0.609348195707325,0.6282044322401311,0.5892161534273125,0.3950025447271214,0.14157501849233314,0.8068746653937623,0.8203221350053317,0.15274008005220543,0.6574559023780012,767748.0,1.994,21.50666666666667,10.8,697.0,15,
a_four_class_bigru_attn_nods_w10,44,0.7221495299500658,0.629785267319178,0.6475366111595632,0.6156324789111459,0.3950025447271214,0.14157501849233314,0.775474109355644,0.8803816013391698,0.15803621957156733,0.7052491390103317,767748.0,1.9660000000000002,20.033333333333335,10.2,697.0,15,
a_four_class_bigru_attn_nods_w10,45,0.7307875633246373,0.6381606709796226,0.6672656599832558,0.6259213227105721,0.3950025447271214,0.14157501849233314,0.7935548511279776,0.824303876691197,0.2085492936241312,0.7262346624751849,767748.0,1.9486666666666668,21.446666666666665,11.0,697.0,15,
a_four_class_bigru_attn_nods_w10,46,0.7448370944244644,0.6447909408328273,0.6702373294836617,0.6414837241356692,0.3950025447271214,0.14157501849233314,0.8511713313916325,0.8519683457344481,0.19978188552176526,0.676242200683463,767748.0,1.9440000000000002,19.839999999999996,10.2,697.0,15,
a_four_class_bigru_attn_w10,42,0.7399389067168587,0.6350122321841029,0.6573036545226602,0.6340471560681665,0.3950025447271214,0.14157501849233314,0.8338382709860892,0.8478380498721728,0.1518705684994153,0.7065020393787342,808964.0,0.5313333333333334,5.8,10.933333333333334,148.0,15,
a_four_class_bigru_attn_w10,43,0.7128719792201395,0.6322911988075762,0.6560655153058945,0.6016232711078064,0.3950025447271214,0.14157501849233314,0.8133031041128248,0.7991848483419748,0.2727384524556212,0.643938390319884,808964.0,0.5260000000000001,6.1066666666666665,11.6,148.0,15,
a_four_class_bigru_attn_w10,44,0.7122043037130953,0.6258828857514733,0.6423197876228268,0.6029971246316885,0.3950025447271214,0.14157501849233314,0.812513863287522,0.7763956717725019,0.21433214479219645,0.7002898631536731,808964.0,0.5300000000000001,5.766666666666667,10.933333333333334,148.0,15,
a_four_class_bigru_attn_w10,45,0.7374094710831662,0.6442240153842372,0.6731419341197307,0.6380215484234679,0.3950025447271214,0.14157501849233314,0.8034348283146961,0.8735554058457236,0.1780544549834466,0.7218513723930826,808964.0,0.5293333333333334,5.62,10.666666666666666,148.0,15,
a_four_class_bigru_attn_w10,46,0.6935137185861057,0.6103324820221376,0.6262832821627268,0.5747499218331017,0.3950025447271214,0.14157501849233314,0.7783764877547763,0.8477065200647497,0.16881331338927022,0.6464336068797547,808964.0,0.5340000000000001,5.206666666666665,9.8,148.0,15,
b_binary_bigru_attn_w60,42,0.9535799492147955,0.9426160375847145,0.9398980387636198,0.8862745792783417,0.7027889276062835,0.41270775214823974,,0.917797624555043,,,808706.0,0.5960000000000001,8.326666666666666,14.0,563.9333333333333,15,0.967434450614386
b_binary_bigru_attn_w60,43,0.9308461808858369,0.9024547737417016,0.9114297554959456,0.8180611709619434,0.7027889276062835,0.41270775214823974,,0.8517600326674042,,,808706.0,0.5793333333333334,7.8066666666666675,13.533333333333333,564.0,15,0.9531495148159989
b_binary_bigru_attn_w60,44,0.9407683352826316,0.9186440266064045,0.9167331459412884,0.8443423505219098,0.7027889276062835,0.41270775214823974,,0.8771243680647839,,,808706.0,0.5846666666666667,8.073333333333334,13.866666666666667,564.0,15,0.9601636851480253
b_binary_bigru_attn_w60,45,0.9283045191176558,0.9164387977632504,0.920851883352919,0.8340714631764777,0.7027889276062835,0.41270775214823974,,0.885762733919605,,,808706.0,0.5899999999999999,8.586666666666668,14.6,564.0,15,0.9471148616068956
b_binary_bigru_attn_w60,46,0.9174910434103503,0.9024894887583141,0.9057273669678744,0.8073663334441646,0.7027889276062835,0.41270775214823974,,0.8651936561244261,,,808706.0,0.5846666666666667,7.786666666666667,13.333333333333334,564.0,15,0.9397853213922022
b_binary_bigru_only_w60,42,0.9261748845397497,0.9080106453531849,0.9135606330178975,0.8186269006985807,0.7027889276062835,0.41270775214823974,,0.8680828030578192,,,703874.0,0.34733333333333327,4.746666666666667,13.666666666666666,295.0,15,0.9479384876485505
b_binary_bigru_only_w60,43,0.9315691322411637,0.9046717666763143,0.9084779807893066,0.8198947860276632,0.7027889276062835,0.41270775214823974,,0.8554838200680328,,,703874.0,0.34133333333333327,4.180000000000001,12.2,295.0,15,0.953859713284596
b_binary_bigru_only_w60,44,0.9361316872330844,0.9151031235014683,0.9222367413033195,0.8372208837476783,0.7027889276062835,0.41270775214823974,,0.8741780573391923,,,703874.0,0.33533333333333337,4.3066666666666675,12.866666666666667,295.0,15,0.9560281896637441
b_binary_bigru_only_w60,45,0.9333914071243165,0.9068335563750484,0.9172202212675116,0.8265228896195611,0.7027889276062835,0.41270775214823974,,0.8591694264215554,,,703874.0,0.3346666666666666,4.126666666666667,12.4,295.0,15,0.9544976863285414
b_binary_bigru_only_w60,46,0.9269170348758683,0.9104492630408313,0.917249906258608,0.8242497964873413,0.7027889276062835,0.41270775214823974,,0.8731035043055883,,,703874.0,0.3466666666666666,5.053333333333333,14.666666666666666,295.0,15,0.9477950217760746
b_binary_bilstm_attn_w60,42,0.9202166525788419,0.8872458409726101,0.8920916779748539,0.7877565545711747,0.7027889276062835,0.41270775214823974,,0.8280624864334221,,,957186.0,0.5966666666666666,8.326666666666668,14.0,566.0,15,0.9464291955117976
b_binary_bilstm_attn_w60,43,0.9302125123659793,0.9096391575377999,0.9131569858166552,0.8232012045006996,0.7027889276062835,0.41270775214823974,,0.8670866480170178,,,957186.0,0.59,8.4,14.266666666666667,566.0,15,0.9521916670585817
b_binary_bilstm_attn_w60,44,0.9192085184065909,0.8805333227731037,0.8863063250385167,0.7755556451074468,0.7027889276062835,0.41270775214823974,,0.8140391723079105,,,957186.0,0.5813333333333334,8.113333333333333,14.0,566.0,15,0.9470274732382971
b_binary_bilstm_attn_w60,45,0.9348521497246616,0.9182777265369428,0.9238464048682175,0.8410428585560119,0.7027889276062835,0.41270775214823974,,0.8829876245790778,,,957186.0,0.59,7.033333333333333,11.933333333333334,566.0,15,0.9535678284948079
b_binary_bilstm_attn_w60,46,0.9317086376398078,0.9105175194559133,0.9118790716063755,0.8254605009764979,0.7027889276062835,0.41270775214823974,,0.8676138848642317,,,957186.0,0.5866666666666666,7.566666666666666,12.933333333333334,566.0,15,0.9534211540475949
b_binary_cnn_lstm_w60,42,0.9413673617785371,0.93166680196936,0.9369504491645315,0.8643189440783094,0.7027889276062835,0.41270775214823974,,0.9063755350996917,,,314882.0,0.4466666666666667,6.906666666666665,15.6,440.0,15,0.9569580688390283
b_binary_cnn_lstm_w60,43,0.9333834209941301,0.9203340010012965,0.9228336084943779,0.8412469376718311,0.7027889276062835,0.41270775214823974,,0.8885912831080869,,,314882.0,0.44266666666666676,6.1,13.866666666666667,440.0,15,0.952076718894506
b_binary_cnn_lstm_w60,44,0.9327507145081045,0.9175428158216486,0.921341790116975,0.8377730188921456,0.7027889276062835,0.41270775214823974,,0.8830788640427379,,,314882.0,0.44533333333333336,6.866666666666668,15.466666666666667,440.0,15,0.9520067676005595
b_binary_cnn_lstm_w60,45,0.9061789448472346,0.8667261646773133,0.8711851012556425,0.7467723686197997,0.7027889276062835,0.41270775214823974,,0.7959749744652412,,,314882.0,0.46066666666666667,5.9,12.866666666666667,440.0,15,0.9374773548893857
b_binary_cnn_lstm_w60,46,0.9137906326153792,0.8991348752679459,0.9059287488692952,0.8015934575130162,0.7027889276062835,0.41270775214823974,,0.862181293923059,,,314882.0,0.45600000000000007,6.14,13.466666666666667,440.0,15,0.9360884566128328
b_binary_cnn_w60,42,0.9255516290094598,0.8980427373246359,0.9092476077603405,0.8107058622489866,0.7027889276062835,0.41270775214823974,,0.84828867381219,,,70850.0,0.4413333333333334,6.86,15.533333333333333,307.0,15,0.9477968008370821
b_binary_cnn_w60,43,0.9183240155059039,0.8970596466741474,0.9044856111496384,0.7980582055988974,0.7027889276062835,0.41270775214823974,,0.8513301782134249,,,70850.0,0.4406666666666667,6.533333333333334,14.866666666666667,307.0,15,0.94278911513487
b_binary_cnn_w60,44,0.9216044466736756,0.8874575915261461,0.8923324604356097,0.7884632735866229,0.7027889276062835,0.41270775214823974,,0.8270173569832442,,,70850.0,0.43733333333333335,6.679999999999999,15.4,307.0,15,0.9478978260690482
b_binary_cnn_w60,45,0.9362918017888063,0.9201683189917982,0.9225402311918738,0.8443521735640572,0.7027889276062835,0.41270775214823974,,0.8856539935160623,,,70850.0,0.44333333333333336,7.1066666666666665,16.133333333333333,307.0,15,0.9546826444675341
b_binary_cnn_w60,46,0.934225432036451,0.91924204617354,0.9218862789949441,0.8414403551552482,0.7027889276062835,0.41270775214823974,,0.8855500160400556,,,70850.0,0.44,6.033333333333334,13.733333333333333,307.0,15,0.9529340763070241
b_binary_tiny_dscnn_w60,42,0.9180629711490597,0.8832794217258244,0.8898286033053608,0.7796063864339398,0.7027889276062835,0.41270775214823974,,0.8219456318810836,,,4852.0,0.36133333333333334,6.733333333333333,18.733333333333334,154.0,15,0.9446132115705653
b_binary_tiny_dscnn_w60,43,0.9411615311268868,0.9299923173783456,0.9335265391317159,0.8607277165434476,0.7027889276062835,0.41270775214823974,,0.9023056126909581,,,4852.0,0.3353333333333333,6.02,18.133333333333333,154.0,15,0.9576790220657329
b_binary_tiny_dscnn_w60,44,0.923595189430952,0.8939533012487519,0.9040440127217383,0.8018320358358395,0.7027889276062835,0.41270775214823974,,0.8404984530821473,,,4852.0,0.33999999999999997,6.260000000000001,18.733333333333334,154.0,15,0.9474081494153567
b_binary_tiny_dscnn_w60,45,0.9427103930620607,0.9157806255588131,0.9225290618933062,0.8443460237585463,0.7027889276062835,0.41270775214823974,,0.8702444110953761,,,4852.0,0.3133333333333333,5.166666666666666,16.666666666666668,154.0,15,0.9613168400222506
b_binary_tiny_dscnn_w60,46,0.9063983771977262,0.8774190369095993,0.8912995647859709,0.7777354508977241,0.7027889276062835,0.41270775214823974,,0.8282568646543393,,,4852.0,0.3106666666666666,4.8999999999999995,16.0,154.0,15,0.926581209164859
b_four_class_bigru_attn_w60,42,0.7359218532632298,0.6457876048204184,0.670236940105225,0.6357098495867776,0.4132447119497179,0.14620064306151004,0.8123423016226355,0.8321586481467099,0.20917858478923965,0.7294708847230885,808964.0,0.8280000000000001,9.373333333333333,11.333333333333334,564.0,15,
b_four_class_bigru_attn_w60,43,0.7338524098802445,0.6417037805596504,0.6705740876918858,0.6291179057925976,0.4132447119497179,0.14620064306151004,0.8136957615017636,0.8413604133952535,0.24625285409332368,0.6655060932482608,808964.0,0.8313333333333333,10.093333333333334,12.133333333333333,564.0,15,
b_four_class_bigru_attn_w60,44,0.7284433552824221,0.6388409631312755,0.6620305878636924,0.6255641562677838,0.4132447119497179,0.14620064306151004,0.82409469550267,0.8178269346523565,0.222368304813179,0.6910739175568963,808964.0,0.8300000000000002,9.986666666666668,12.066666666666666,564.0,15,
b_four_class_bigru_attn_w60,45,0.7515167996819692,0.6606871311568026,0.6883888133427862,0.657696681792419,0.4132447119497179,0.14620064306151004,0.7915409328362796,0.8430642899678611,0.24685286289511407,0.7612904389279549,808964.0,0.8186666666666668,8.88,10.866666666666667,564.0,15,
b_four_class_bigru_attn_w60,46,0.7190941894309633,0.6407974519085394,0.6666895840830631,0.6175351821722537,0.4132447119497179,0.14620064306151004,0.7725499865000425,0.8466792249827955,0.22662608465230993,0.7173345114990096,808964.0,0.7633333333333334,9.046666666666669,11.866666666666667,564.0,15,
b_four_class_bigru_only_w60,42,0.7476755559540899,0.6667656274898782,0.7070514989472273,0.6558220966846368,0.4132447119497179,0.14620064306151004,0.7829099120104904,0.8548223435580388,0.32880231730906195,0.700527937081923,704132.0,0.45133333333333336,4.333333333333333,9.6,295.0,15,
b_four_class_bigru_only_w60,43,0.7691237307866464,0.6723824820594068,0.7034200358047865,0.6773855158467806,0.4132447119497179,0.14620064306151004,0.8282986409008956,0.8431068292542456,0.23547421275597985,0.7826502453265061,704132.0,0.4506666666666668,4.426666666666667,9.8,295.0,15,
b_four_class_bigru_only_w60,44,0.7453630897961137,0.6829278984851875,0.7208807449003164,0.6564394683844496,0.4132447119497179,0.14620064306151004,0.7460172439326739,0.8635103255763579,0.35831849915053077,0.7638655252811876,704132.0,0.4546666666666666,4.4,9.666666666666666,295.0,15,
b_four_class_bigru_only_w60,45,0.7275409690764115,0.6439532630312086,0.6837715593393192,0.6326958578705633,0.4132447119497179,0.14620064306151004,0.7235410820226312,0.849825791423127,0.2551895557323346,0.7472566229467409,704132.0,0.47200000000000003,4.739999999999999,10.066666666666666,295.0,15,
b_four_class_bigru_only_w60,46,0.702637977506976,0.6286911834797397,0.6645634019901772,0.600420464302303,0.4132447119497179,0.14620064306151004,0.7295074422324199,0.8608792162421927,0.2198589748937619,0.7045191005505848,704132.0,0.4759999999999999,5.213333333333334,11.0,295.0,15,
b_four_class_bilstm_attn_w60,42,0.7165651083326118,0.6173044684236448,0.6494067663527795,0.6130710357566805,0.4132447119497179,0.14620064306151004,0.7543541260239551,0.8275810410537656,0.1471496809282107,0.7401330256886475,957444.0,0.8113333333333336,10.233333333333333,12.666666666666666,566.0,15,
b_four_class_bilstm_attn_w60,43,0.7483657229578032,0.6463743908213111,0.6616586078630433,0.6423712043593282,0.4132447119497179,0.14620064306151004,0.8607016689421417,0.8056612587613768,0.20487751290036013,0.7142571226813655,957444.0,0.8100000000000003,9.5,11.733333333333333,566.0,15,
b_four_class_bilstm_attn_w60,44,0.7596882573496722,0.6597822618052862,0.6961186997516352,0.6686510860333826,0.4132447119497179,0.14620064306151004,0.8088812515107983,0.8940345490680669,0.20572950780394364,0.7304837388383362,957444.0,0.8120000000000002,11.479999999999999,14.133333333333333,566.0,15,
b_four_class_bilstm_attn_w60,45,0.7828258788723302,0.6784686193835328,0.7095290219793094,0.6973462115156275,0.4132447119497179,0.14620064306151004,0.8163865419052697,0.8941926150406911,0.2097158016397869,0.7935795189483833,957444.0,0.8180000000000001,9.26,11.333333333333334,566.0,15,
b_four_class_bilstm_attn_w60,46,0.7155289355484636,0.60619740664824,0.6332409964512318,0.6050467066468158,0.4132447119497179,0.14620064306151004,0.8118759219096222,0.8318399294326412,0.10047069541277152,0.6806030798379242,957444.0,0.7786666666666666,9.08,11.666666666666666,566.0,15,
b_four_class_cnn_lstm_w60,42,0.723211753876394,0.6239838697825724,0.6611562788419717,0.6186877754825758,0.4132447119497179,0.14620064306151004,0.7376624404774029,0.8526193104803141,0.16714523978442428,0.738508488388148,315140.0,0.5706666666666667,6.4399999999999995,11.333333333333334,440.0,15,
b_four_class_cnn_lstm_w60,43,0.7764068800065143,0.6869429671752435,0.7056714557172995,0.6854659256504906,0.4132447119497179,0.14620064306151004,0.8847154605959343,0.8448418454536951,0.2910006204767248,0.7272139421746192,315140.0,0.5746666666666667,5.666666666666667,9.866666666666667,440.0,15,
b_four_class_cnn_lstm_w60,44,0.7365154131864055,0.6370904755204939,0.6652055395589375,0.6341362043205651,0.4132447119497179,0.14620064306151004,0.8032600742714486,0.8297141097946304,0.183190706053432,0.7321970119624645,315140.0,0.5693333333333334,6.093333333333334,10.733333333333333,440.0,15,
b_four_class_cnn_lstm_w60,45,0.7480894739907592,0.6435220945516368,0.6636741224381771,0.6492328397887369,0.4132447119497179,0.14620064306151004,0.8445796032268713,0.8548005999665349,0.14611557141441175,0.7285926035987285,315140.0,0.5720000000000002,6.753333333333332,11.866666666666667,440.0,15,
b_four_class_cnn_lstm_w60,46,0.7230442304895076,0.6341815227952902,0.6640276310801848,0.6189731703764411,0.4132447119497179,0.14620064306151004,0.7858160789689727,0.8298680144978918,0.1923855777484245,0.7286564199658714,315140.0,0.5713333333333334,6.093333333333333,10.666666666666666,440.0,15,
b_four_class_cnn_w60,42,0.7525187016525893,0.6489848712913654,0.6778636556478778,0.6574585055917289,0.4132447119497179,0.14620064306151004,0.8236801571473346,0.8483022804515685,0.19536201886821758,0.7285950286983418,70980.0,0.5173333333333332,4.7666666666666675,9.2,307.0,15,
b_four_class_cnn_w60,43,0.7589580345318083,0.6549506065764389,0.6778649159145472,0.660721533249577,0.4132447119497179,0.14620064306151004,0.8899229992429853,0.8301433680292604,0.2231080505041319,0.6766280085293784,70980.0,0.52,4.946666666666668,9.533333333333333,307.0,15,
b_four_class_cnn_w60,44,0.764447378807479,0.6727231903350961,0.69932692320476,0.6720513999137521,0.4132447119497179,0.14620064306151004,0.8247469217094748,0.8819179121717574,0.23360566408223438,0.7506222633769183,70980.0,0.5179999999999999,4.953333333333334,9.533333333333333,307.0,15,
b_four_class_cnn_w60,45,0.7674496377570547,0.6806463994942934,0.7097176156860655,0.6848821724480991,0.4132447119497179,0.14620064306151004,0.811430219117756,0.8798072895886979,0.2944905075264653,0.7368575817442539,70980.0,0.5166666666666664,4.860000000000001,9.4,307.0,15,
b_four_class_cnn_w60,46,0.7526925644301935,0.6705182060587697,0.6906932602214545,0.6584896698240227,0.4132447119497179,0.14620064306151004,0.8200003478720629,0.8570738164207462,0.24364869026339656,0.7613499696788738,70980.0,0.5186666666666666,4.733333333333334,9.133333333333333,307.0,15,
b_four_class_tiny_dscnn_w60,42,0.7308277650699878,0.6077300341995527,0.6477879507392713,0.626132805489511,0.4132447119497179,0.14620064306151004,0.7690745184525051,0.8417135127085568,0.10391870544468271,0.7162134001924662,4918.0,0.3626666666666667,3.8466666666666662,10.6,154.0,15,
b_four_class_tiny_dscnn_w60,43,0.7768299398389839,0.6750889256629372,0.7079065560499603,0.6884124232133768,0.4132447119497179,0.14620064306151004,0.8420225800168769,0.8884202573860095,0.2721195789837743,0.6977932862650882,4918.0,0.3386666666666667,3.773333333333334,11.133333333333333,154.0,15,
b_four_class_tiny_dscnn_w60,44,0.7382159847400528,0.6497865602310857,0.6695877412533681,0.6261807133057166,0.4132447119497179,0.14620064306151004,0.8233308527492802,0.7644118108205588,0.2918627032776517,0.7195408740768522,4918.0,0.3373333333333334,3.6333333333333333,10.733333333333333,154.0,15,
b_four_class_tiny_dscnn_w60,45,0.7032801115678905,0.6097103601998805,0.6444606274572977,0.5912822058301087,0.4132447119497179,0.14620064306151004,0.732198418155131,0.746791679004549,0.24454291398220543,0.7153084296576363,4918.0,0.34,3.7600000000000002,11.133333333333333,154.0,15,
b_four_class_tiny_dscnn_w60,46,0.7242520391685623,0.6317484680911007,0.6494601007064976,0.6122928819343892,0.4132447119497179,0.14620064306151004,0.7824855528061768,0.8207864750861463,0.17914632559109625,0.7445755188809836,4918.0,0.32866666666666666,3.5133333333333336,10.666666666666666,154.0,15,
b_three_class_bigru_attn_w60,42,0.810694026845974,0.7483091654249373,0.7781782814831159,0.7044755320267425,0.5497845212061798,0.2364886079527241,0.8177104018307306,0.9236711948960455,0.5035458995480361,,808835.0,0.5673333333333334,7.766666666666667,13.733333333333333,564.0,15,
b_three_class_bigru_attn_w60,43,0.8055441089736489,0.7128851835586754,0.7444535982877554,0.6781144733596343,0.5497845212061798,0.2364886079527241,0.8651952413731449,0.8542936840976038,0.41916662520527775,,808835.0,0.5713333333333335,6.8066666666666675,11.933333333333334,564.0,15,
b_three_class_bigru_attn_w60,44,0.8054329367836416,0.7368497616202515,0.7680388844754639,0.6929256396158309,0.5497845212061798,0.2364886079527241,0.8446271289214707,0.8313691611319348,0.5345529948073493,,808835.0,0.5686666666666668,6.699999999999999,11.8,564.0,15,
b_three_class_bigru_attn_w60,45,0.7777562615913349,0.6771397457757053,0.7225457542103866,0.6468779463528375,0.5497845212061798,0.2364886079527241,0.8231536888327303,0.8707065352654088,0.3375590132289773,,808835.0,0.5700000000000001,6.353333333333334,11.133333333333333,564.0,15,
b_three_class_bigru_attn_w60,46,0.7186007014102797,0.6338021373211321,0.6618571522005685,0.5713359287727461,0.5497845212061798,0.2364886079527241,0.7783076473316256,0.7692309820502431,0.35386778258152785,,808835.0,0.5673333333333335,8.053333333333333,14.266666666666667,564.0,15,
b_three_class_bigru_only_w60,42,0.7741551587135512,0.7031561760174757,0.7386638244059445,0.6386968320140192,0.5497845212061798,0.2364886079527241,0.8048388196312043,0.8843230441963742,0.4203066642248486,,704003.0,0.3286666666666667,3.5933333333333333,11.0,295.0,15,
b_three_class_bigru_only_w60,43,0.7887194628673384,0.7207410936981662,0.7628608599935642,0.6760598155919813,0.5497845212061798,0.2364886079527241,0.8046106526977181,0.8807123792986613,0.4769002490981187,,704003.0,0.33066666666666666,3.073333333333333,9.333333333333334,295.0,15,
b_three_class_bigru_only_w60,44,0.7822498873867587,0.7429858067748097,0.7812595104204636,0.6576580467270183,0.5497845212061798,0.2364886079527241,0.7910430837584166,0.8580165715088819,0.5798977650571305,,704003.0,0.3286666666666666,3.3466666666666667,10.2,295.0,15,
b_three_class_bigru_only_w60,45,0.7566222379468215,0.6995862211458164,0.7362996519240144,0.6261915305105172,0.5497845212061798,0.2364886079527241,0.7666338190211349,0.8913429733732837,0.4407818710430303,,704003.0,0.3233333333333333,3.7933333333333326,11.733333333333333,295.0,15,
b_three_class_bigru_only_w60,46,0.7311644236795327,0.6497928134152476,0.7003146166286703,0.5871514042438067,0.5497845212061798,0.2364886079527241,0.7338356495108358,0.8637456031099633,0.3517971876249443,,704003.0,0.326,3.8466666666666662,11.866666666666667,295.0,15,
b_three_class_bilstm_attn_w60,42,0.8231919015802958,0.7137553413586865,0.7514560926036259,0.7049644821683619,0.5497845212061798,0.2364886079527241,0.8544623146291419,0.9188998904195036,0.36790381902741454,,957315.0,0.5733333333333335,7.659999999999999,13.4,566.0,15,
b_three_class_bilstm_attn_w60,43,0.8006117300523877,0.7105345701524709,0.7464040494635314,0.673888345980133,0.5497845212061798,0.2364886079527241,0.8342982580970459,0.8972426586739777,0.4000627936863893,,957315.0,0.5773333333333335,7.413333333333335,12.866666666666667,566.0,15,
b_three_class_bilstm_attn_w60,44,0.8409442365924332,0.7518431682549898,0.7741022785105992,0.7285043797251848,0.5497845212061798,0.2364886079527241,0.8842932951483438,0.906927212912009,0.4643089967046165,,957315.0,0.5793333333333333,6.673333333333334,11.533333333333333,566.0,15,
b_three_class_bilstm_attn_w60,45,0.8295046196730692,0.7251248543956682,0.7475965565344491,0.7173522377249129,0.5497845212061798,0.2364886079527241,0.900384442515538,0.859520285475334,0.4154698351961333,,957315.0,0.5760000000000001,6.873333333333334,11.933333333333334,566.0,15,
b_three_class_bilstm_attn_w60,46,0.6978874129588415,0.5995064764514402,0.647415613125744,0.5396192876147731,0.5497845212061798,0.2364886079527241,0.7119203357736098,0.8175739265607228,0.2690251670199876,,957315.0,0.5753333333333334,8.10666666666667,14.133333333333333,566.0,15,
b_three_class_cnn_lstm_w60,42,0.7941221397730721,0.6934591824830844,0.735758945909857,0.6687807498459047,0.5497845212061798,0.2364886079527241,0.8377728901816985,0.864956588109915,0.3776480691576393,,315011.0,0.43666666666666665,4.953333333333334,11.4,440.0,15,
b_three_class_cnn_lstm_w60,43,0.7667097597286129,0.6707031988196989,0.7063444964405114,0.6173797529202073,0.5497845212061798,0.2364886079527241,0.8372750963600962,0.8394128182648513,0.335421681834149,,315011.0,0.4366666666666667,4.8,11.0,440.0,15,
b_three_class_cnn_lstm_w60,44,0.7798420116412605,0.6946083762155218,0.7241613554470415,0.6420931367375519,0.5497845212061798,0.2364886079527241,0.8428676079976615,0.825878377366149,0.41507914328275475,,315011.0,0.438,4.92,11.266666666666667,440.0,15,
b_three_class_cnn_lstm_w60,45,0.7551300791951626,0.6447109626860626,0.6771404507137331,0.6091888566362574,0.5497845212061798,0.2364886079527241,0.8192479981200853,0.8422274549538945,0.2726574349842082,,315011.0,0.4373333333333334,5.126666666666666,11.8,440.0,15,
b_three_class_cnn_lstm_w60,46,0.7585964620553219,0.6902456722382139,0.7134115356886697,0.6267341905736405,0.5497845212061798,0.2364886079527241,0.7839282194929974,0.8729431777815809,0.413865619440063,,315011.0,0.4366666666666667,5.16,11.866666666666667,440.0,15,
b_three_class_cnn_w60,42,0.7990918064233665,0.7036650348224265,0.7378032875930195,0.6746006605188934,0.5497845212061798,0.2364886079527241,0.84613604075319,0.8459435650047982,0.4189154987092911,,70915.0,0.398,3.886666666666667,9.8,307.0,15,
b_three_class_cnn_w60,43,0.7969937699766164,0.7079189477560759,0.7383706721799435,0.6683049511743305,0.5497845212061798,0.2364886079527241,0.8567842347604352,0.8340694929615161,0.43290311554627664,,70915.0,0.40066666666666667,3.706666666666666,9.266666666666667,307.0,15,
b_three_class_cnn_w60,44,0.832197825019742,0.7608953868939587,0.7768232262417484,0.7265922907083662,0.5497845212061798,0.2364886079527241,0.8947235159212916,0.8304867925662486,0.5574758521943364,,70915.0,0.39799999999999996,3.826666666666667,9.6,307.0,15,
b_three_class_cnn_w60,45,0.8353647503740737,0.7173597402289854,0.7515709579574209,0.7188015330449166,0.5497845212061798,0.2364886079527241,0.8870442507199905,0.8773239530062548,0.3877110169607111,,70915.0,0.39466666666666667,4.166666666666667,10.6,307.0,15,
b_three_class_cnn_w60,46,0.7760845676597043,0.6646528245665824,0.6876870837863504,0.621692995111267,0.5497845212061798,0.2364886079527241,0.8387073555133541,0.8413540480836164,0.3138970701027765,,70915.0,0.39933333333333343,4.153333333333333,10.466666666666667,307.0,15,
b_three_class_tiny_dscnn_w60,42,0.7872623658933483,0.7106113204881388,0.7600995346131507,0.6712436675302662,0.5497845212061798,0.2364886079527241,0.792979814906668,0.8769926029983266,0.4618615435594217,,4885.0,0.2553333333333333,2.933333333333333,11.533333333333333,154.0,15,
b_three_class_tiny_dscnn_w60,43,0.6840404697138723,0.6056352702505742,0.6676952873864768,0.5242112093152189,0.5497845212061798,0.2364886079527241,0.6705546973197515,0.834174232220369,0.3121768812116027,,4885.0,0.2533333333333333,2.9000000000000004,11.466666666666667,154.0,15,
b_three_class_tiny_dscnn_w60,44,0.7218539830117943,0.6562766835901509,0.7130417916103234,0.5713110254818154,0.5497845212061798,0.2364886079527241,0.7262741892306945,0.7671768569792814,0.4753790045604769,,4885.0,0.25,3.3399999999999994,13.466666666666667,154.0,15,
b_three_class_tiny_dscnn_w60,45,0.7664657727663903,0.6915537116603024,0.7215768590509043,0.6299629802271869,0.5497845212061798,0.2364886079527241,0.7980320520622475,0.824300222891272,0.45232886002738776,,4885.0,0.252,3.14,12.533333333333333,154.0,15,
b_three_class_tiny_dscnn_w60,46,0.7789000997086343,0.6849992187434724,0.7324671802852905,0.6451673054247832,0.5497845212061798,0.2364886079527241,0.7909117663880252,0.8893341232119901,0.37475176663040227,,4885.0,0.25333333333333335,3.146666666666667,12.466666666666667,154.0,15,
c_binary_bigru_attn_w10,42,0.9186432300362687,0.8931724040029965,0.8988654226159498,0.7940592220219588,0.6998275818955886,0.41168783493313577,,0.8433043736936882,,,808706.0,0.39733333333333326,4.906666666666666,12.333333333333334,148.0,15,0.9430404343123049
c_binary_bigru_attn_w10,43,0.896796123615953,0.8699321474544572,0.8752423337535855,0.7430876146189515,0.6998275818955886,0.41168783493313577,,0.8116871753853712,,,808706.0,0.39466666666666667,5.02,12.733333333333333,148.0,15,0.9281771195235432
c_binary_bigru_attn_w10,44,0.9061918245253405,0.8796431186980889,0.8799050388758644,0.7634733853053084,0.6998275818955886,0.41168783493313577,,0.8240219104151193,,,808706.0,0.38666666666666666,5.966666666666666,15.466666666666667,148.0,15,0.9352643269810585
c_binary_bigru_attn_w10,45,0.9391799151827306,0.9261415568797039,0.928922672613924,0.8537916765903433,0.6998275818955886,0.41168783493313577,,0.8956783713045003,,,808706.0,0.38199999999999995,4.713333333333333,12.333333333333334,148.0,15,0.9566047424549071
c_binary_bigru_attn_w10,46,0.9081064451858192,0.878050245174741,0.8778773548767126,0.7632012024918227,0.6998275818955886,0.41168783493313577,,0.8186737752380165,,,808706.0,0.388,4.426666666666667,11.4,148.0,15,0.9374267151114656
c_binary_bigru_attn_w30,42,0.9251796750098304,0.9008827795763236,0.9014731111855913,0.8081886664718803,0.7007702913071222,0.4120129148377092,,0.8535794901495929,,,808706.0,0.584,8.186666666666666,14.066666666666666,317.0,15,0.9481860690030544
c_binary_bigru_attn_w30,43,0.9394182695037263,0.9272229970838037,0.927491590806535,0.8549094380289614,0.7007702913071222,0.4120129148377092,,0.8976582931186611,,,808706.0,0.596,9.433333333333334,15.933333333333334,317.0,15,0.9567877010489462
c_binary_bigru_attn_w30,44,0.9407826403448347,0.9218017483576352,0.9249034095092482,0.8492806420985288,0.7007702913071222,0.4120129148377092,,0.8843215439201746,,,808706.0,0.5906666666666667,7.713333333333334,13.066666666666666,317.0,15,0.9592819527950953
c_binary_bigru_attn_w30,45,0.9276024672263067,0.9124649205795782,0.910794335753962,0.8262887993484199,0.7007702913071222,0.4120129148377092,,0.876612856637291,,,808706.0,0.5866666666666666,8.393333333333334,14.333333333333334,317.0,15,0.9483169845218651
c_binary_bigru_attn_w30,46,0.9133892964289736,0.8921568110668755,0.8912758958362433,0.7860463781577297,0.7007702913071222,0.4120129148377092,,0.8446282531025989,,,808706.0,0.634,8.100000000000001,12.866666666666667,317.0,15,0.9396853690311519
c_four_class_bigru_attn_w10,42,0.7399389067168587,0.6350122321841029,0.6573036545226602,0.6340471560681665,0.3950025447271214,0.14157501849233314,0.8338382709860892,0.8478380498721728,0.1518705684994153,0.7065020393787342,808964.0,0.7286666666666665,7.94,10.933333333333334,148.0,15,
c_four_class_bigru_attn_w10,43,0.7128719792201395,0.6322911988075762,0.6560655153058945,0.6016232711078064,0.3950025447271214,0.14157501849233314,0.8133031041128248,0.7991848483419748,0.2727384524556212,0.643938390319884,808964.0,0.708,8.22,11.6,148.0,15,
c_four_class_bigru_attn_w10,44,0.7122043037130953,0.6258828857514733,0.6423197876228268,0.6029971246316885,0.3950025447271214,0.14157501849233314,0.812513863287522,0.7763956717725019,0.21433214479219645,0.7002898631536731,808964.0,0.5866666666666666,6.373333333333334,10.933333333333334,148.0,15,
c_four_class_bigru_attn_w10,45,0.7374094710831662,0.6442240153842372,0.6731419341197307,0.6380215484234679,0.3950025447271214,0.14157501849233314,0.8034348283146961,0.8735554058457236,0.1780544549834466,0.7218513723930826,808964.0,0.5286666666666666,5.626666666666666,10.666666666666666,148.0,15,
c_four_class_bigru_attn_w10,46,0.6935137185861057,0.6103324820221376,0.6262832821627268,0.5747499218331017,0.3950025447271214,0.14157501849233314,0.7783764877547763,0.8477065200647497,0.16881331338927022,0.6464336068797547,808964.0,0.5226666666666666,5.126666666666667,9.8,148.0,15,
c_four_class_bigru_attn_w30,42,0.721438602882024,0.6254000020527891,0.6435194635959791,0.616919332079412,0.40185433310308827,0.14332664795314107,0.7843340052506572,0.8223193976526637,0.13390726017641186,0.7610393451314235,808964.0,0.8126666666666666,10.02,12.4,317.0,15,
c_four_class_bigru_attn_w30,43,0.7193872601623709,0.6215858597084306,0.6428113703086923,0.6133557214249251,0.40185433310308827,0.14332664795314107,0.8461091912055319,0.8075567977328065,0.1857829677980658,0.646894482097318,808964.0,0.8433333333333333,9.986666666666666,11.866666666666667,317.0,15,
c_four_class_bigru_attn_w30,44,0.7439310625822484,0.6483235495290883,0.6716304850518833,0.6429681925419639,0.40185433310308827,0.14332664795314107,0.844819084722796,0.7898393696574131,0.2246802735189081,0.733955470217236,808964.0,0.8053333333333336,8.739999999999998,10.866666666666667,317.0,15,
c_four_class_bigru_attn_w30,45,0.7846287345939672,0.6875533456565148,0.7156060199129769,0.7011831989755997,0.40185433310308827,0.14332664795314107,0.8886400419648071,0.82910367924251,0.2669889648949822,0.7654806965237598,808964.0,0.7933333333333332,8.666666666666666,10.933333333333334,317.0,15,
c_four_class_bigru_attn_w30,46,0.7330247860482637,0.6265402839017457,0.6457542812561164,0.6224202881345486,0.40185433310308827,0.14332664795314107,0.8330387756515555,0.8602386709177601,0.14932140023781096,0.6635622887998565,808964.0,0.8653333333333334,9.84,11.4,317.0,15,
c_three_class_bigru_attn_w10,42,0.7917757727459673,0.7182665629162047,0.7282042769351562,0.6603579813042656,0.534028645836827,0.23207288952324304,0.8512701213162684,0.8684493756582512,0.4350801917740948,,808835.0,0.5573333333333333,6.346666666666667,11.4,148.0,15,
c_three_class_bigru_attn_w10,43,0.758323186724528,0.6636774248778143,0.697588676726906,0.62025783616421,0.534028645836827,0.23207288952324304,0.8233297151431247,0.7799512179347652,0.3877513415555536,,808835.0,0.5413333333333334,6.593333333333334,12.133333333333333,148.0,15,
c_three_class_bigru_attn_w10,44,0.7995349524004082,0.7322411719376976,0.768353123083634,0.6849887068600161,0.534028645836827,0.23207288952324304,0.8106534227321672,0.8510497730056736,0.5350203200752516,,808835.0,0.49933333333333335,5.433333333333334,10.933333333333334,148.0,15,
c_three_class_bigru_attn_w10,45,0.7832885035599799,0.6725178179984089,0.7080632408913152,0.6508249663812605,0.534028645836827,0.23207288952324304,0.8440602897813847,0.8256603441591537,0.3478328200546882,,808835.0,0.49866666666666665,6.426666666666668,13.066666666666666,148.0,15,
c_three_class_bigru_attn_w10,46,0.7739753674177007,0.7027998363843202,0.7187496670094,0.6340068141916607,0.534028645836827,0.23207288952324304,0.8419239278649913,0.8144494836122607,0.4520260976757085,,808835.0,0.5560000000000002,6.120000000000001,10.933333333333334,148.0,15,
c_three_class_bigru_attn_w30,42,0.7623439935406113,0.6788603366483031,0.7126286992989855,0.6228167212323998,0.5397130963240945,0.233676773813656,0.8064336721403069,0.8452685049297746,0.3848788328748285,,808835.0,0.6373333333333334,7.806666666666667,12.266666666666667,317.0,15,
c_three_class_bigru_attn_w30,43,0.7636924940788308,0.6823052627763317,0.7059636328692414,0.6178378812414238,0.5397130963240945,0.233676773813656,0.825690589905196,0.8167618152791114,0.40446338314468827,,808835.0,0.6813333333333333,7.506666666666667,11.066666666666666,317.0,15,
c_three_class_bigru_attn_w30,44,0.7926284784574115,0.7200637351427764,0.7568734570056316,0.6657382313009574,0.5397130963240945,0.233676773813656,0.8200041341218426,0.8545284652478071,0.48565860605867955,,808835.0,0.6626666666666666,8.026666666666666,12.2,317.0,15,
c_three_class_bigru_attn_w30,45,0.7965816390942516,0.710940433344843,0.7351213202223696,0.6751214189115711,0.5397130963240945,0.233676773813656,0.8220273054462657,0.8926439842833533,0.4181500103049101,,808835.0,0.6606666666666666,7.706666666666666,11.666666666666666,317.0,15,
c_three_class_bigru_attn_w30,46,0.7697405911171319,0.6710242269544743,0.7000643608610742,0.6269965176487956,0.5397130963240945,0.233676773813656,0.83479054863747,0.8247872523472275,0.35349487987872535,,808835.0,0.6553333333333334,7.7266666666666675,11.8,317.0,15,
d_four_class_bigru_attn_chest_only_w60,42,0.7001180671275677,0.6056974419960214,0.6491224943140094,0.6002482004775845,0.4132447119497179,0.14620064306151004,0.7126526168709321,0.7227027264674324,0.23668572462652476,0.7507487000191967,807044.0,0.722,8.693333333333333,12.133333333333333,555.0,15,
d_four_class_bigru_attn_chest_only_w60,43,0.705630749052843,0.6047680486118875,0.6333282913839627,0.5973776764160479,0.4132447119497179,0.14620064306151004,0.7835900233709648,0.704360122806019,0.1832259725416613,0.7478960757289046,807044.0,0.7160000000000001,9.860000000000001,13.8,555.0,15,
d_four_class_bigru_attn_chest_only_w60,44,0.7242048056818063,0.6174164441993099,0.65126536982241,0.6163407346907435,0.4132447119497179,0.14620064306151004,0.7965702217851889,0.7680261334311744,0.19446468980716586,0.7106047317737101,807044.0,0.7213333333333335,9.406666666666666,13.066666666666666,555.0,15,
d_four_class_bigru_attn_chest_only_w60,45,0.7639856494771174,0.6355740869357565,0.6715826050158576,0.6688009830412839,0.4132447119497179,0.14620064306151004,0.9038892506628753,0.7876137483056254,0.16241405338548195,0.688379295389043,807044.0,0.7186666666666667,8.459999999999999,11.8,555.0,15,
d_four_class_bigru_attn_chest_only_w60,46,0.7408371664261731,0.6260725482500648,0.6519254868492724,0.6352783917945585,0.4132447119497179,0.14620064306151004,0.8373174077801,0.7775322496155959,0.15552119311805473,0.7339193424865083,807044.0,0.7100000000000001,8.76,12.4,555.0,15,
d_four_class_bigru_attn_hidden32_w60,42,0.7123028382616605,0.6139646563139343,0.6341343963975349,0.6038934417260179,0.4132447119497179,0.14620064306151004,0.8005472108534603,0.8194310198450263,0.12956862745098038,0.7063117671062703,125252.0,0.6493333333333333,6.793333333333335,10.466666666666667,392.0,15,
d_four_class_bigru_attn_hidden32_w60,43,0.7490592807885866,0.6748263876320303,0.695041883087756,0.6564386260897381,0.4132447119497179,0.14620064306151004,0.7846506701045279,0.8704167158677792,0.2776127705736285,0.766625393982185,125252.0,0.6359999999999999,6.4799999999999995,10.2,392.0,15,
d_four_class_bigru_attn_hidden32_w60,44,0.7265457785195226,0.6345384657497325,0.6506947386680231,0.6164656017184388,0.4132447119497179,0.14620064306151004,0.8276221063181264,0.7973042585138188,0.18976808592682567,0.7234594122401588,125252.0,0.6546666666666668,7.913333333333332,12.133333333333333,392.0,15,
d_four_class_bigru_attn_hidden32_w60,45,0.7399225364430849,0.6502569934868401,0.6640528378001418,0.637818131433842,0.4132447119497179,0.14620064306151004,0.8131757774019754,0.8823097854547697,0.1828536167008325,0.7226887943897825,125252.0,0.6533333333333335,7.006666666666666,10.733333333333333,392.0,15,
d_four_class_bigru_attn_hidden32_w60,46,0.7314140108494326,0.6380954662695051,0.6728662562335745,0.6281164789485987,0.4132447119497179,0.14620064306151004,0.7761631586076597,0.846325094083338,0.21119864960004525,0.7186949627869776,125252.0,0.6426666666666667,6.753333333333334,10.533333333333333,392.0,15,
d_four_class_bigru_attn_hidden64_w60,42,0.7598341729350978,0.6539824469990551,0.6811835953115682,0.6690795784074961,0.4132447119497179,0.14620064306151004,0.8377286037838104,0.85470545461282,0.1571575898168416,0.7663381397827477,274180.0,0.6606666666666668,7.5600000000000005,11.466666666666667,447.0,15,
d_four_class_bigru_attn_hidden64_w60,43,0.7769097574093127,0.6602264899338017,0.6943907010911848,0.6837033569444022,0.4132447119497179,0.14620064306151004,0.8825911957560225,0.8267387926634825,0.20380534670008352,0.7277706246156188,274180.0,0.6233333333333332,7.886666666666667,12.666666666666666,447.0,15,
d_four_class_bigru_attn_hidden64_w60,44,0.7648965234053986,0.683969353953092,0.7159417635065084,0.6700141768353979,0.4132447119497179,0.14620064306151004,0.8411421831690795,0.8184101406463342,0.3702719191256705,0.7060531728712839,274180.0,0.6253333333333334,7.12,11.4,447.0,15,
d_four_class_bigru_attn_hidden64_w60,45,0.7320217419107617,0.640803859342677,0.6578758707649813,0.6240210399249391,0.4132447119497179,0.14620064306151004,0.7852923049931861,0.8832494688259641,0.15795868982801836,0.7367149737235402,274180.0,0.6199999999999999,8.12,13.133333333333333,447.0,15,
d_four_class_bigru_attn_hidden64_w60,46,0.7572352202029384,0.6685602356567214,0.6921269878128403,0.6628773490800721,0.4132447119497179,0.14620064306151004,0.8178629556107936,0.8540717155998637,0.20802417558348282,0.7942820958327454,274180.0,0.6186666666666665,8.213333333333333,13.333333333333334,447.0,15,
d_four_class_bigru_attn_no_attention_w60,42,0.7524376188067455,0.644278534388572,0.6707235998413241,0.6590144926686161,0.4132447119497179,0.14620064306151004,0.8183094681750507,0.8696308337348426,0.13761458206470994,0.751559253579684,545796.0,0.6506666666666667,7.6000000000000005,11.733333333333333,559.0,15,
d_four_class_bigru_attn_no_attention_w60,43,0.7590318375147173,0.6582026679788237,0.6820808825779595,0.6595221986447315,0.4132447119497179,0.14620064306151004,0.8821729815981664,0.8253566290000054,0.25576683600967237,0.6695142253074506,545796.0,0.66,7.486666666666666,11.4,559.0,15,
d_four_class_bigru_attn_no_attention_w60,44,0.719852755510043,0.6309981084399438,0.651618502481248,0.6149535965574755,0.4132447119497179,0.14620064306151004,0.8048631227360634,0.8278249204909348,0.2044371743608385,0.6868672161719385,545796.0,0.6453333333333334,7.826666666666667,12.133333333333333,559.0,15,
d_four_class_bigru_attn_no_attention_w60,45,0.7424939181722361,0.6340655877083328,0.655495701554045,0.6372598961279081,0.4132447119497179,0.14620064306151004,0.8364353254239308,0.7717134050772428,0.20654534155655999,0.7215682787755974,545796.0,0.672,7.893333333333332,11.8,559.0,15,
d_four_class_bigru_attn_no_attention_w60,46,0.7188805189522032,0.6185340061858173,0.6383319047845417,0.6080986579831956,0.4132447119497179,0.14620064306151004,0.7960752022582067,0.8022586298309725,0.1641912121364176,0.7116109805176731,545796.0,0.6746666666666666,8.16,12.133333333333333,559.0,15,
d_four_class_bigru_attn_one_layer_w60,42,0.7411926981877446,0.6549876356012675,0.6742441619823591,0.6420816583277734,0.4132447119497179,0.14620064306151004,0.7948812455597872,0.8748152911928193,0.22095726495726495,0.7292967406951987,512516.0,0.7259999999999999,8.686666666666666,12.0,481.0,15,
d_four_class_bigru_attn_one_layer_w60,43,0.7642751264871669,0.6673474684586579,0.6956549702086579,0.6686433028227843,0.4132447119497179,0.14620064306151004,0.8498514560665806,0.860093048700701,0.21609671209338546,0.7433486569739652,512516.0,0.7246666666666667,9.600000000000001,13.333333333333334,481.0,15,
d_four_class_bigru_attn_one_layer_w60,44,0.7775364718212175,0.6815924679089941,0.7052023565346933,0.6842314997463231,0.4132447119497179,0.14620064306151004,0.8836774925725426,0.8175734915093625,0.313906885423337,0.7112120021307343,512516.0,0.7226666666666668,10.013333333333332,13.866666666666667,481.0,15,
d_four_class_bigru_attn_one_layer_w60,45,0.7176378354858881,0.6233248291756196,0.6529064776789337,0.6107999285482838,0.4132447119497179,0.14620064306151004,0.7708460847659251,0.8155582581049606,0.18839074181179444,0.7185042320197988,512516.0,0.7226666666666667,8.32,11.533333333333333,481.0,15,
d_four_class_bigru_attn_one_layer_w60,46,0.7283229504133514,0.6416806933567442,0.6570391080931478,0.6271256870856531,0.4132447119497179,0.14620064306151004,0.7710987665558104,0.8590257636372153,0.18563743229236188,0.7509608109415898,512516.0,0.7080000000000001,8.520000000000001,12.066666666666666,481.0,15,
d_four_class_bigru_attn_wrist_only_w60,42,0.5986765283558981,0.5308374387256151,0.5490731685274416,0.46104918881139967,0.4132447119497179,0.14620064306151004,0.6041678546133326,0.7769853334461564,0.08742209770055262,0.6547744691424184,806404.0,0.6853333333333332,6.680000000000001,9.733333333333333,551.0,15,
d_four_class_bigru_attn_wrist_only_w60,43,0.5967062194328084,0.54534211647772,0.54384753225966,0.4480031248112318,0.4132447119497179,0.14620064306151004,0.6779417557507408,0.7837771393901894,0.18839799688430536,0.5312515738856444,806404.0,0.6880000000000001,6.746666666666669,9.8,551.0,15,
d_four_class_bigru_attn_wrist_only_w60,44,0.6361562009791305,0.5644636002940131,0.5842141658629789,0.4964466737261745,0.4132447119497179,0.14620064306151004,0.6755945781297115,0.7958558596557229,0.16734427008242403,0.6190596933081939,806404.0,0.6586666666666667,6.526666666666668,9.933333333333334,551.0,15,
d_four_class_bigru_attn_wrist_only_w60,45,0.6004739093898014,0.5380368097304825,0.5667556645991166,0.4585985437173748,0.4132447119497179,0.14620064306151004,0.6260151749439525,0.7727848293618921,0.19475169786191154,0.5585955367541742,806404.0,0.6493333333333333,6.153333333333332,9.466666666666667,551.0,15,
d_four_class_bigru_attn_wrist_only_w60,46,0.6153449509063713,0.5537949673113268,0.5710461018824214,0.467696923227734,0.4132447119497179,0.14620064306151004,0.6796929327253737,0.8520312631196585,0.17094500061966597,0.512510672780609,806404.0,0.6633333333333333,6.4799999999999995,9.8,551.0,15,
