family,metric,a,b,n_subjects,mean_difference,diff_ci_low,diff_ci_high,wilcoxon_p,rank_biserial,holm_p,significant_0.05
"WESAD binary, deployable: each model vs the proposed model",accuracy,wesad_binary_deep_bigru_attn_rest5,wesad_binary_deep_cnn_rest5,15,0.011906242837132841,-0.0068083619469881,0.03257328526516065,0.5416259765625,0.2,1.0,False
"WESAD binary, deployable: each model vs the proposed model",accuracy,wesad_binary_deep_bigru_attn_rest5,wesad_binary_deep_tiny_dscnn_rest5,15,0.0006997731451745167,-0.030447056090589612,0.03362314193571644,0.9031982421875,-0.047619047619047616,1.0,False
"WESAD binary, deployable: each model vs the proposed model",accuracy,wesad_binary_deep_bigru_attn_rest5,wesad_binary_classical_RF_rest5,15,0.1392460510852955,0.08623615042897423,0.19123404169837985,0.00042724609375,0.9333333333333333,0.00213623046875,True
"WESAD binary, deployable: each model vs the proposed model",accuracy,wesad_binary_deep_bigru_attn_rest5,wesad_binary_classical_AB_rest5,15,0.11741400004028038,0.06050191356776053,0.1775906960065229,0.00201416015625,0.85,0.00604248046875,True
"WESAD binary, deployable: each model vs the proposed model",accuracy,wesad_binary_deep_bigru_attn_rest5,wesad_binary_classical_LDA_rest5,15,0.11526159446213077,0.06210188452049363,0.17848757696546524,0.00115966796875,0.8833333333333333,0.004638671875,True
"WESAD three_class, deployable: each model vs the proposed model",accuracy,wesad_three_class_deep_bigru_attn_rest5,wesad_three_class_deep_cnn_rest5,15,-0.02909165437944324,-0.07065850104932177,0.007377066308197704,0.19801240045685709,-0.3904761904761905,0.39602480091371417,False
"WESAD three_class, deployable: each model vs the proposed model",accuracy,wesad_three_class_deep_bigru_attn_rest5,wesad_three_class_deep_tiny_dscnn_rest5,15,-0.02617827981662364,-0.06765909651299522,0.007892671667745203,0.25238037109375,-0.35,0.39602480091371417,False
"WESAD three_class, deployable: each model vs the proposed model",accuracy,wesad_three_class_deep_bigru_attn_rest5,wesad_three_class_classical_RF_rest5,15,0.12113688441821012,0.07224772095437967,0.16964881279751923,0.0006103515625,0.9166666666666666,0.0030517578125,True
"WESAD three_class, deployable: each model vs the proposed model",accuracy,wesad_three_class_deep_bigru_attn_rest5,wesad_three_class_classical_AB_rest5,15,0.09600147368878516,0.04147174760070577,0.15044294721675175,0.0067138671875,0.7666666666666667,0.0201416015625,True
"WESAD three_class, deployable: each model vs the proposed model",accuracy,wesad_three_class_deep_bigru_attn_rest5,wesad_three_class_classical_LDA_rest5,15,0.07852443936340503,0.03767994162433867,0.12257712251143979,0.00262451171875,0.8333333333333334,0.010498046875,True
"WESAD four_class, deployable: each model vs the proposed model",accuracy,wesad_four_class_deep_bigru_attn_rest5,wesad_four_class_deep_cnn_rest5,15,-0.00037541264371574086,-0.02192825955106321,0.022751260684510246,0.846923828125,-0.06666666666666667,1.0,False
"WESAD four_class, deployable: each model vs the proposed model",accuracy,wesad_four_class_deep_bigru_attn_rest5,wesad_four_class_deep_tiny_dscnn_rest5,15,-0.004909257298628855,-0.03786029753669226,0.024464675595347818,0.803955078125,0.08333333333333333,1.0,False
"WESAD four_class, deployable: each model vs the proposed model",accuracy,wesad_four_class_deep_bigru_attn_rest5,wesad_four_class_classical_RF_rest5,15,0.18294506638156954,0.1460316435232868,0.22051963039002279,6.103515625e-05,1.0,0.00030517578125,True
"WESAD four_class, deployable: each model vs the proposed model",accuracy,wesad_four_class_deep_bigru_attn_rest5,wesad_four_class_classical_AB_rest5,15,0.1828191700902863,0.142232825986605,0.22349169170264707,6.103515625e-05,1.0,0.00030517578125,True
"WESAD four_class, deployable: each model vs the proposed model",accuracy,wesad_four_class_deep_bigru_attn_rest5,wesad_four_class_classical_LDA_rest5,15,0.11468496543343534,0.058679748413040446,0.17571916098868173,0.0042724609375,0.8,0.0128173828125,True
"WESAD binary, CNN: normalisation vs whole recording",accuracy,wesad_binary_deep_cnn_recording,wesad_binary_deep_cnn_none,15,-0.2561146272068756,-0.3602005655782156,-0.16645170985943752,6.103515625e-05,-1.0,0.00018310546875,True
"WESAD binary, CNN: normalisation vs whole recording",accuracy,wesad_binary_deep_cnn_recording,wesad_binary_deep_cnn_first5,15,-0.11282506994169224,-0.19446659033542923,-0.0281304714483089,0.0245361328125,-0.6761904761904762,0.0245361328125,True
"WESAD binary, CNN: normalisation vs whole recording",accuracy,wesad_binary_deep_cnn_recording,wesad_binary_deep_cnn_rest5,15,-0.10938421548011015,-0.15186583919916047,-0.06697575821008574,0.0014665230830596743,-0.9333333333333333,0.0029330461661193487,True
"WESAD binary, RF: normalisation vs whole recording",accuracy,wesad_binary_classical_RF_recording,wesad_binary_classical_RF_none,15,-0.1007229516653203,-0.19944568015909006,-0.027815930532336157,0.008056640625,-0.8021978021978022,0.01611328125,True
"WESAD binary, RF: normalisation vs whole recording",accuracy,wesad_binary_classical_RF_recording,wesad_binary_classical_RF_first5,15,-0.08674203310831978,-0.13483214534585025,-0.04181049321507359,0.001953125,-0.9696969696969697,0.005859375,True
"WESAD binary, RF: normalisation vs whole recording",accuracy,wesad_binary_classical_RF_recording,wesad_binary_classical_RF_rest5,15,-0.03840241937078092,-0.08255567886490381,-0.0009745447483227421,0.064453125,-0.6727272727272727,0.064453125,False
"WESAD four_class, CNN: normalisation vs whole recording",accuracy,wesad_four_class_deep_cnn_recording,wesad_four_class_deep_cnn_none,15,-0.3649721563306786,-0.42380674465752877,-0.30373456105240887,6.103515625e-05,-1.0,0.00018310546875,True
"WESAD four_class, CNN: normalisation vs whole recording",accuracy,wesad_four_class_deep_cnn_recording,wesad_four_class_deep_cnn_first5,15,-0.21118817408143728,-0.2814986848552532,-0.14213803985414938,6.103515625e-05,-1.0,0.00018310546875,True
"WESAD four_class, CNN: normalisation vs whole recording",accuracy,wesad_four_class_deep_cnn_recording,wesad_four_class_deep_cnn_rest5,15,-0.12454712695619291,-0.18425973918683897,-0.06498147695067619,0.00201416015625,-0.85,0.00201416015625,True
"WESAD four_class, RF: normalisation vs whole recording",accuracy,wesad_four_class_classical_RF_recording,wesad_four_class_classical_RF_none,15,-0.13542848153845377,-0.22366230958530225,-0.060625289577802284,0.00115966796875,-0.8833333333333333,0.0023193359375,True
"WESAD four_class, RF: normalisation vs whole recording",accuracy,wesad_four_class_classical_RF_recording,wesad_four_class_classical_RF_first5,15,-0.14310665216868407,-0.20790565604533107,-0.08186276674838916,0.0003662109375,-0.9619047619047619,0.0010986328125,True
"WESAD four_class, RF: normalisation vs whole recording",accuracy,wesad_four_class_classical_RF_recording,wesad_four_class_classical_RF_rest5,15,-0.09516340078204379,-0.14526007829343382,-0.04810889342389787,0.0042724609375,-0.8,0.0042724609375,True
WESAD four-class (M3 setting): architectures vs the proposed model,accuracy,wesad_four_class_deep_bigru_attn_recording,wesad_four_class_deep_bilstm_attn_recording,15,0.010829059104410425,-0.015333191420154968,0.03983860773354385,0.67877197265625,0.13333333333333333,1.0,False
WESAD four-class (M3 setting): architectures vs the proposed model,accuracy,wesad_four_class_deep_bigru_attn_recording,wesad_four_class_deep_cnn_lstm_recording,15,0.007687828802150346,-0.01922060711611981,0.035704002810956814,0.7197265625,0.11666666666666667,1.0,False
WESAD four-class (M3 setting): architectures vs the proposed model,accuracy,wesad_four_class_deep_bigru_attn_recording,wesad_four_class_deep_cnn_recording,15,0.02544754192805906,0.0017440305441415273,0.04954061174486486,0.0784912109375,0.5428571428571428,0.3924560546875,False
WESAD four-class (M3 setting): architectures vs the proposed model,accuracy,wesad_four_class_deep_bigru_attn_recording,wesad_four_class_deep_bigru_only_recording,15,0.004702543116281798,-0.027530959456656432,0.033605356720902854,0.638671875,0.15,1.0,False
WESAD four-class (M3 setting): architectures vs the proposed model,accuracy,wesad_four_class_deep_bigru_attn_recording,wesad_four_class_deep_tiny_dscnn_recording,15,0.000915446569329618,-0.04478338342972122,0.04593009870585136,0.93408203125,-0.03333333333333333,1.0,False
"Calibration, WESAD binary, CNN, 1 min",accuracy,wesad_binary_deep_cnn_rest5_cal1_before,wesad_binary_deep_cnn_rest5_cal1_after,15,0.0057576020601093495,-0.002907051045346304,0.014324947437390462,0.12054443359375,0.4666666666666667,0.12054443359375,False
"Calibration, WESAD binary, RF, 1 min",accuracy,wesad_binary_classical_RF_rest5_cal1_before,wesad_binary_classical_RF_rest5_cal1_after,15,0.006876070894543126,0.001235517440085909,0.014374228101848617,0.0390625,0.8333333333333334,0.0390625,True
"Calibration, WESAD binary, CNN, 2 min",accuracy,wesad_binary_deep_cnn_rest5_cal2_before,wesad_binary_deep_cnn_rest5_cal2_after,15,0.004221030578675348,-0.0048975135872878234,0.012729718547625807,0.25238037109375,0.35,0.25238037109375,False
"Calibration, WESAD binary, RF, 2 min",accuracy,wesad_binary_classical_RF_rest5_cal2_before,wesad_binary_classical_RF_rest5_cal2_after,15,0.016173017160334317,-0.0026552340952325348,0.04507743155073317,0.359375,0.37777777777777777,0.359375,False
"Calibration, WESAD binary, CNN, 4 min",accuracy,wesad_binary_deep_cnn_rest5_cal4_before,wesad_binary_deep_cnn_rest5_cal4_after,15,0.003044848469821478,-0.013569308006189015,0.017629264145754858,0.33026123046875,0.3,0.33026123046875,False
"Calibration, WESAD binary, RF, 4 min",accuracy,wesad_binary_classical_RF_rest5_cal4_before,wesad_binary_classical_RF_rest5_cal4_after,15,0.015998764351745305,-0.004712141940815859,0.04723690560323861,0.65234375,0.2,0.65234375,False
"Calibration, WESAD four_class, CNN, 1 min",accuracy,wesad_four_class_deep_cnn_rest5_cal1_before,wesad_four_class_deep_cnn_rest5_cal1_after,15,0.03633383152847329,0.020319908799138992,0.05390671329214525,0.00042724609375,0.9333333333333333,0.00042724609375,True
"Calibration, WESAD four_class, RF, 1 min",accuracy,wesad_four_class_classical_RF_rest5_cal1_before,wesad_four_class_classical_RF_rest5_cal1_after,15,0.03806912545785666,0.025340863696858604,0.049668580843354765,0.00030517578125,0.95,0.00030517578125,True
"Calibration, WESAD four_class, CNN, 2 min",accuracy,wesad_four_class_deep_cnn_rest5_cal2_before,wesad_four_class_deep_cnn_rest5_cal2_after,15,0.045648019549172296,0.026886418680163237,0.06634352443502452,0.00018310546875,0.9666666666666667,0.00018310546875,True
"Calibration, WESAD four_class, RF, 2 min",accuracy,wesad_four_class_classical_RF_rest5_cal2_before,wesad_four_class_classical_RF_rest5_cal2_after,15,0.10073824173015924,0.06537112695822848,0.1399233101676881,0.00018310546875,0.9666666666666667,0.00018310546875,True
"Calibration, WESAD four_class, CNN, 4 min",accuracy,wesad_four_class_deep_cnn_rest5_cal4_before,wesad_four_class_deep_cnn_rest5_cal4_after,15,0.08592868484747557,0.04886328811071197,0.1257670205407607,0.00152587890625,0.8666666666666667,0.00152587890625,True
"Calibration, WESAD four_class, RF, 4 min",accuracy,wesad_four_class_classical_RF_rest5_cal4_before,wesad_four_class_classical_RF_rest5_cal4_after,15,0.06936623277738027,0.03395691538080163,0.10583687175422611,0.00201416015625,0.85,0.00201416015625,True
"Calibration, Stress-Predict, CNN, 1 min",accuracy,sp_deep_cnn_hv_cal1_before,sp_deep_cnn_hv_cal1_after,34,-0.013101226780790363,-0.031100588165646093,0.0017834296418058372,0.2075101681984961,-0.2549019607843137,0.2075101681984961,False
"Calibration, Stress-Predict, CNN, 2 min",accuracy,sp_deep_cnn_hv_cal2_before,sp_deep_cnn_hv_cal2_after,34,-0.02315624982483398,-0.04295862599684676,-0.006040171552728447,0.02058481192216277,-0.45210084033613446,0.02058481192216277,True
"Calibration, Stress-Predict, CNN, 4 min",accuracy,sp_deep_cnn_hv_cal4_before,sp_deep_cnn_hv_cal4_after,34,-0.047942104471022144,-0.0816579730840764,-0.01938258226337338,0.004074234631843865,-0.5529411764705883,0.004074234631843865,True
Stress-Predict: each model vs the proposed model,accuracy,sp_deep_bigru_attn_hv,sp_deep_bilstm_attn_hv,34,0.00818321023636198,-0.011315790300096228,0.027800776499968177,0.35160549916327,0.1865546218487395,1.0,False
Stress-Predict: each model vs the proposed model,accuracy,sp_deep_bigru_attn_hv,sp_deep_cnn_lstm_hv,34,-0.006155619908638976,-0.0299318414223801,0.017205636924670233,0.7741656047292054,-0.058823529411764705,1.0,False
Stress-Predict: each model vs the proposed model,accuracy,sp_deep_bigru_attn_hv,sp_deep_cnn_hv,34,-0.005830293147926706,-0.023071627557304294,0.011399875645554445,0.6362982825376093,-0.0957983193277311,1.0,False
Stress-Predict: each model vs the proposed model,accuracy,sp_deep_bigru_attn_hv,sp_deep_bigru_only_hv,34,-0.023876774578178907,-0.05044209102666421,0.0016441484541913308,0.0907455695560202,-0.334453781512605,0.453727847780101,False
Stress-Predict: each model vs the proposed model,accuracy,sp_deep_bigru_attn_hv,sp_deep_tiny_dscnn_hv,34,-0.003943772326636942,-0.024954475133149096,0.01734165979364777,0.6606290930649266,-0.08907563025210084,1.0,False
Stress-Predict: each model vs the proposed model,accuracy,sp_deep_bigru_attn_hv,sp_classical_RF_hv,34,0.10602560829302095,0.07623967836286123,0.13636494751778322,1.2444797903299332e-07,0.9126050420168067,8.711358532309532e-07,True
Stress-Predict: each model vs the proposed model,accuracy,sp_deep_bigru_attn_hv,sp_classical_AB_hv,34,0.10786859674992061,0.07936556777722677,0.1386227340396866,2.4097971618175507e-08,0.9428571428571428,1.9278377294540405e-07,True
Stress-Predict: each model vs the proposed model,accuracy,sp_deep_bigru_attn_hv,sp_classical_LDA_hv,34,0.06625704476138257,0.03721911486246683,0.0974012168782121,0.0001264970051124692,0.7142857142857143,0.0007589820306748152,True
"Stress-Predict, CNN: hyperventilation excluded vs counted",accuracy,sp_CNN_hv_for_hvtest,sp_CNN_nohv_for_hvtest,34,0.01155137257765077,-0.008550688396722315,0.03226901022703695,0.24850467371288687,0.23025210084033612,0.24850467371288687,False
"Stress-Predict, AdaBoost: hyperventilation excluded vs counted",accuracy,sp_AdaBoost_hv_for_hvtest,sp_AdaBoost_nohv_for_hvtest,34,0.019742728871136157,0.0109393425749893,0.029361387066616673,8.127291221171618e-05,0.7310924369747899,8.127291221171618e-05,True
"Cross-dataset vs within Stress-Predict, bigru_attn",accuracy,sp_deep_bigru_attn_hv,cross_deep_bigru_attn_hv,34,-0.003106344010230561,-0.04033664053896573,0.03514792650988553,0.8263502409681678,-0.0453781512605042,0.8263502409681678,False
"Cross-dataset vs within Stress-Predict, bilstm_attn",accuracy,sp_deep_bilstm_attn_hv,cross_deep_bilstm_attn_hv,34,-0.04241055097735374,-0.07863909192504494,-0.003811771906691679,0.03742745553608984,-0.4084033613445378,0.03742745553608984,True
"Cross-dataset vs within Stress-Predict, cnn_lstm",accuracy,sp_deep_cnn_lstm_hv,cross_deep_cnn_lstm_hv,34,-0.04044944546241265,-0.08636692573344994,0.007340534175191337,0.08113411313388497,-0.3445378151260504,0.08113411313388497,False
"Cross-dataset vs within Stress-Predict, cnn",accuracy,sp_deep_cnn_hv,cross_deep_cnn_hv,34,0.008139848707267854,-0.026771967212651033,0.04458589486349455,0.8659985983977094,0.03529411764705882,0.8659985983977094,False
"Cross-dataset vs within Stress-Predict, bigru_only",accuracy,sp_deep_bigru_only_hv,cross_deep_bigru_only_hv,34,-0.04987326415473858,-0.10600232395404992,0.007350051658841273,0.12930773710832,-0.30084033613445377,0.12930773710832,False
"Cross-dataset vs within Stress-Predict, tiny_dscnn",accuracy,sp_deep_tiny_dscnn_hv,cross_deep_tiny_dscnn_hv,34,-0.0030720541357514386,-0.035293462373760014,0.029957574531695688,0.9059782412368804,-0.025210084033613446,0.9059782412368804,False
"Cross-dataset vs within Stress-Predict, RF",accuracy,sp_classical_RF_hv,cross_classical_RF_hv,34,-0.09871255937613074,-0.1426985379723056,-0.05720766304554506,6.685266271233559e-05,-0.7575757575757576,6.685266271233559e-05,True
"Cross-dataset vs within Stress-Predict, AB",accuracy,sp_classical_AB_hv,cross_classical_AB_hv,34,-0.10974559517261803,-0.15577322787697445,-0.0656952903265596,1.0203570127487183e-05,-0.8110516934046346,1.0203570127487183e-05,True
"Cross-dataset vs within Stress-Predict, LDA",accuracy,sp_classical_LDA_hv,cross_classical_LDA_hv,34,-0.016103843891789843,-0.041707110334606855,0.012522360866500618,0.12074384978041053,-0.30756302521008405,0.12074384978041053,False
