subject,accuracy,f1_macro,balanced_accuracy,kappa,majority_accuracy,majority_f1_macro,f1_baseline,f1_stress,f1_amusement,f1_meditation
S2,0.752895752895753,0.734177206930738,0.8019760056457305,0.6670750567394405,0.42084942084942084,0.1480978260869565,0.8342245989304813,0.9322033898305084,0.6185567010309279,0.5517241379310345
S3,0.7034220532319392,0.6409600154367596,0.6524711332831467,0.591061318874093,0.41064638783269963,0.14555256064690028,0.9302325581395349,0.6071428571428571,0.38,0.6464646464646465
S4,0.8838951310861424,0.7191235059760956,0.75,0.8267286315392829,0.41198501872659177,0.14588859416445624,0.8764940239043825,1.0,0.0,1.0
S5,0.6014760147601476,0.538482800982801,0.5307017543859649,0.45380237006624985,0.42066420664206644,0.14805194805194805,0.7675675675675676,1.0,0.0,0.38636363636363635
S6,0.7806691449814126,0.6252839495169533,0.6650119936034116,0.6815546058307751,0.4163568773234201,0.14698162729658792,0.8878923766816144,0.9752066115702479,0.0,0.6380368098159509
S7,0.8283582089552238,0.6758948023653906,0.6940298507462687,0.7392554991539763,0.417910447761194,0.1473684210526316,0.8296296296296296,1.0,0.0,0.8739495798319328
S8,0.5756457564575646,0.5988926426426426,0.5995713455390874,0.40504371730747196,0.4095940959409594,0.14528795811518325,0.4444444444444444,0.6594594594594595,0.625,0.6666666666666666
S9,1.0,1.0,1.0,1.0,0.4163568773234201,0.14698162729658792,1.0,1.0,1.0,1.0
S10,0.7653429602888087,0.6104382929642446,0.625,0.6415988215856839,0.4043321299638989,0.14395886889460155,0.7750865051903115,1.0,0.0,0.6666666666666666
S11,0.5645756457564576,0.4701586136221111,0.4634543883535819,0.33665235339266086,0.4132841328413284,0.1462140992167102,0.6666666666666666,0.25806451612903225,0.3243243243243243,0.6315789473684211
S13,0.8529411764705882,0.7995139032874883,0.8115808823529411,0.7926513187985973,0.4117647058823529,0.14583333333333334,0.9572649572649572,1.0,0.5238095238095238,0.7169811320754718
S14,0.6617647058823529,0.5676762846059833,0.5470278275244523,0.5352586126845575,0.4117647058823529,0.14583333333333334,0.9019607843137255,0.637037037037037,0.0,0.7317073170731708
S15,0.6446886446886447,0.4990397393318626,0.5206992706992707,0.4986463204528674,0.4065934065934066,0.14453125,0.847926267281106,0.4050632911392405,0.0,0.7431693989071038
S16,0.8745387453874539,0.8881589061793033,0.9180059523809524,0.8271359423661403,0.4132841328413284,0.1462140992167102,0.8272251308900525,0.9919999999999999,0.90625,0.8271604938271605
S17,0.5830258302583026,0.3789977396239119,0.4642857142857143,0.3962461307939512,0.4132841328413284,0.1462140992167102,0.803347280334728,0.0,0.0,0.7126436781609196
