subject,weighted_loss:accuracy,weighted_loss:f1_macro,weighted_loss:balanced_accuracy,weighted_loss:kappa,weighted_loss:majority_accuracy,weighted_loss:majority_f1_macro,weighted_loss:f1_baseline,weighted_loss:f1_stress,weighted_loss:f1_amusement,weighted_loss:f1_meditation,weighted_sampler:accuracy,weighted_sampler:f1_macro,weighted_sampler:balanced_accuracy,weighted_sampler:kappa,weighted_sampler:majority_accuracy,weighted_sampler:majority_f1_macro,weighted_sampler:f1_baseline,weighted_sampler:f1_stress,weighted_sampler:f1_amusement,weighted_sampler:f1_meditation
S2,0.7138339920948616,0.20825645756457567,0.25,0.0,0.7138339920948616,0.20825645756457567,0.8330258302583027,0.0,0.0,0.0,0.7138339920948616,0.20825645756457567,0.25,0.0,0.7138339920948616,0.20825645756457567,0.8330258302583027,0.0,0.0,0.0
S3,0.7179866765358993,0.2496370026423129,0.2704424493306812,0.03585677519414703,0.7246484085862325,0.21008583690987123,0.8338421282163104,0.16470588235294117,0.0,0.0,0.7253886010362695,0.253476443768997,0.2729960754798129,0.046045594521653334,0.7246484085862325,0.21008583690987123,0.8389057750759878,0.175,0.0,0.0
S4,0.5893792071802543,0.2592419341904787,0.301160062565172,0.03941722187106169,0.7172774869109948,0.20884146341463417,0.7211782630777043,0.0,0.0,0.3157894736842105,0.7943156320119671,0.47905985610903645,0.4887874443075173,0.4241392434206919,0.7172774869109948,0.20884146341463417,0.8711943793911008,0.9498069498069498,0.0,0.09523809523809523
S5,0.684331797235023,0.20601315108427978,0.24154596521693372,-0.026949848295556047,0.7119815668202765,0.2079407806191117,0.8139003200731597,0.0,0.0,0.010152284263959392,0.5529953917050692,0.20771198337404892,0.2067217880916673,-0.03060826185058597,0.7119815668202765,0.2079407806191117,0.734229576008273,0.0,0.0,0.09661835748792269
S6,0.717391304347826,0.3400578012246131,0.3593763720009937,0.20094057345228808,0.7445652173913043,0.21339563862928349,0.8269970098248612,0.0425531914893617,0.04444444444444445,0.446236559139785,0.6114130434782609,0.27760984705477065,0.3339519497688894,0.09667286061890881,0.7445652173913043,0.21339563862928349,0.7406380027739252,0.014084507042253521,0.0,0.3557168784029038
S7,0.45688073394495415,0.15979438257762912,0.17505790979697505,-0.20289090505759244,0.6568807339449542,0.1982281284606866,0.6271293375394321,0.0,0.0,0.012048192771084338,0.6256880733944954,0.22112605042016809,0.25496440122653,-0.010162500056786363,0.6568807339449542,0.1982281284606866,0.7668571428571429,0.11764705882352942,0.0,0.0
S8,0.5804749340369393,0.19362116705978874,0.22265758821514217,-0.09837274062072804,0.6649076517150396,0.19968304278922347,0.7336683417085427,0.04081632653061225,0.0,0.0,0.6657871591908531,0.2387776152922129,0.2694130409957748,0.03691749401500571,0.6649076517150396,0.19968304278922347,0.7965738758029979,0.15853658536585366,0.0,0.0
S9,0.7635694572217111,0.5786100930838527,0.6490613611171329,0.5651912023122646,0.6550137994480221,0.19788771539744301,0.8141720896601591,0.7262569832402235,0.0,0.7740112994350283,0.7111315547378105,0.45732153737176595,0.5038950816621197,0.42430217397537784,0.6550137994480221,0.19788771539744301,0.7959044368600683,0.2692307692307692,0.0,0.7641509433962265
S10,0.5476815398075241,0.3144775816751884,0.3142608870158539,0.10437859957562905,0.6561679790026247,0.19809825673534073,0.7011642949547219,0.26785714285714285,0.0,0.2888888888888889,0.5389326334208224,0.2671390164908652,0.3202325908087498,0.07690504103165306,0.6561679790026247,0.19809825673534073,0.6812620734063104,0.3771929824561403,0.0,0.010101010101010102
S11,0.6446280991735537,0.33774070389040045,0.4211143166245943,0.2887338087000548,0.650137741046832,0.1969949916527546,0.7821982467970331,0.5687645687645688,0.0,0.0,0.5959595959595959,0.3192919156612921,0.42937853107344637,0.21807073199389015,0.650137741046832,0.1969949916527546,0.7016574585635359,0.5755102040816327,0.0,0.0
S13,0.6137152777777778,0.2676008202323992,0.30537831733483906,0.14216006184801064,0.6684027777777778,0.20031217481789804,0.784688995215311,0.2857142857142857,0.0,0.0,0.5651041666666666,0.2882919077208771,0.41358460380199513,0.22759683946810552,0.6684027777777778,0.20031217481789804,0.7172701949860725,0.43589743589743596,0.0,0.0
S14,0.6611785095320624,0.20489027173045438,0.24978776087725504,-0.0023992855460820608,0.6681109185441941,0.20025974025974028,0.7956089911134343,0.0,0.0,0.02395209580838323,0.6724436741767764,0.22401183020180934,0.2617628390871209,0.025555565483902608,0.6681109185441941,0.20025974025974028,0.802713987473904,0.09333333333333334,0.0,0.0
S15,0.6925892040256175,0.39946566960794516,0.4520672829994864,0.3866954352189871,0.6477584629460201,0.1965574680732926,0.8048452220726784,0.0,0.0,0.7930174563591023,0.6633119853613907,0.35621556965081314,0.36058680020544426,0.24243326013010846,0.6477584629460201,0.1965574680732926,0.7888198757763976,0.0,0.0,0.6360424028268551
S16,0.6527303754266212,0.3784560693760485,0.451132053786921,0.37135235866089944,0.6749146757679181,0.20147733061640347,0.8298865910607072,0.6496519721577726,0.0,0.03428571428571428,0.7201365187713311,0.4420610813442079,0.4918815290438485,0.4663460804306815,0.6749146757679181,0.20147733061640347,0.8950064020486557,0.8154761904761905,0.05776173285198556,0.0
S17,0.4537337662337662,0.16908650937689051,0.1638335287221571,-0.038226514134594186,0.6923701298701299,0.20455635491606716,0.6763460375075621,0.0,0.0,0.0,0.5081168831168831,0.20328187487764632,0.19437047273743624,0.06698159187193031,0.6923701298701299,0.20455635491606716,0.7518248175182481,0.06130268199233717,0.0,0.0
