window_sec,task,feature_set,subject_normalisation,classifier,n_features,n_windows,accuracy_mean,accuracy_std,f1_macro_mean,f1_macro_std,accuracy_pooled,majority_accuracy,majority_f1_macro,random_accuracy,random_f1_macro
60,binary,chest_physio,False,DT,71,6090,0.8729355812072846,0.1475212620527538,0.8432981332726702,0.17875788063468914,0.8719211822660099,0.7021346469622332,0.41250241173065794,0.5,0.4787005296387214
60,binary,chest_physio,False,RF,71,6090,0.9226368044874076,0.07230284036593905,0.9010884185558442,0.10037928589203328,0.9223316912972085,0.7021346469622332,0.41250241173065794,0.5,0.4787005296387214
60,binary,chest_physio,False,AB,71,6090,0.9079906955530667,0.07595160337811944,0.8879709603772121,0.09212285214241979,0.9075533661740558,0.7021346469622332,0.41250241173065794,0.5,0.4787005296387214
60,binary,chest_physio,False,LDA,71,6090,0.9345810365230225,0.07138176759321577,0.9085325978789938,0.11334963525537224,0.9351395730706076,0.7021346469622332,0.41250241173065794,0.5,0.4787005296387214
60,binary,chest_physio,False,kNN,71,6090,0.8714775833736774,0.09094671656675336,0.8234428153546175,0.14485243997727798,0.8719211822660099,0.7021346469622332,0.41250241173065794,0.5,0.4787005296387214
60,binary,chest_all,False,DT,86,6090,0.8631948584235,0.15922458005252232,0.8402042876278366,0.17417083532113026,0.8620689655172413,0.7021346469622332,0.41250241173065794,0.5,0.4787005296387214
60,binary,chest_all,False,RF,86,6090,0.9176563275662736,0.07773860008420133,0.8919383413805037,0.11185615762390358,0.9170771756978654,0.7021346469622332,0.41250241173065794,0.5,0.4787005296387214
60,binary,chest_all,False,AB,86,6090,0.8916568824786262,0.13306444743781798,0.8707670140049762,0.15274525541413753,0.8904761904761904,0.7021346469622332,0.41250241173065794,0.5,0.4787005296387214
60,binary,chest_all,False,LDA,86,6090,0.924095545194233,0.084360506371148,0.8944184330581524,0.133174386233807,0.9244663382594417,0.7021346469622332,0.41250241173065794,0.5,0.4787005296387214
60,binary,chest_all,False,kNN,86,6090,0.8487609954381466,0.12128110579161729,0.7922336868932781,0.17993742407202973,0.8489326765188834,0.7021346469622332,0.41250241173065794,0.5,0.4787005296387214
60,binary,wrist_physio,False,DT,41,6090,0.8414529061746712,0.1508373270970682,0.822752941397069,0.1518650286804181,0.8399014778325123,0.7021346469622332,0.41250241173065794,0.5,0.4787005296387214
60,binary,wrist_physio,False,RF,41,6090,0.9006320970042607,0.12085291692322066,0.8686392975392389,0.1670526598399115,0.9,0.7021346469622332,0.41250241173065794,0.5,0.4787005296387214
60,binary,wrist_physio,False,AB,41,6090,0.8948292672375682,0.12156009125901751,0.8651194441064148,0.1546286420024312,0.8939244663382594,0.7021346469622332,0.41250241173065794,0.5,0.4787005296387214
60,binary,wrist_physio,False,LDA,41,6090,0.9305232195013192,0.07692304371370937,0.9123040909178612,0.0990444631562125,0.9307060755336617,0.7021346469622332,0.41250241173065794,0.5,0.4787005296387214
60,binary,wrist_physio,False,kNN,41,6090,0.8634203355624019,0.08209185846683426,0.8288484094073437,0.11021077894348277,0.8632183908045977,0.7021346469622332,0.41250241173065794,0.5,0.4787005296387214
60,binary,wrist_all,False,DT,56,6090,0.8490673405701892,0.1509924657376207,0.8243295207392446,0.15431431811117796,0.8479474548440066,0.7021346469622332,0.41250241173065794,0.5,0.4787005296387214
60,binary,wrist_all,False,RF,56,6090,0.9148999895139072,0.07414233058501533,0.8796813134023078,0.1413738633605355,0.9147783251231527,0.7021346469622332,0.41250241173065794,0.5,0.4787005296387214
60,binary,wrist_all,False,AB,56,6090,0.8888907265564954,0.08708333589573548,0.8575914611582829,0.11247076282558872,0.8888341543513957,0.7021346469622332,0.41250241173065794,0.5,0.4787005296387214
60,binary,wrist_all,False,LDA,56,6090,0.9384603753373982,0.057684852585585214,0.9221470743551211,0.07890127942453984,0.9384236453201971,0.7021346469622332,0.41250241173065794,0.5,0.4787005296387214
60,binary,wrist_all,False,kNN,56,6090,0.858548279509869,0.07127996301031927,0.8207271848467858,0.10236817162737859,0.858456486042693,0.7021346469622332,0.41250241173065794,0.5,0.4787005296387214
60,binary,all_physio,False,DT,112,6090,0.8766476793027661,0.1347748293581589,0.8565753330934188,0.14058324593240734,0.8758620689655172,0.7021346469622332,0.41250241173065794,0.5,0.4787005296387214
60,binary,all_physio,False,RF,112,6090,0.8828345254763725,0.1681361063863269,0.8527494810948139,0.20467497243885002,0.8819376026272578,0.7021346469622332,0.41250241173065794,0.5,0.4787005296387214
60,binary,all_physio,False,AB,112,6090,0.881751266627278,0.1443150674154484,0.8669511070431314,0.14751603934657145,0.880623973727422,0.7021346469622332,0.41250241173065794,0.5,0.4787005296387214
60,binary,all_physio,False,LDA,112,6090,0.9374886691585381,0.08093708440638585,0.924727496887993,0.09020028663983132,0.9377668308702791,0.7021346469622332,0.41250241173065794,0.5,0.4787005296387214
60,binary,all_physio,False,kNN,112,6090,0.8891904148627148,0.07814579504589442,0.8646358684376015,0.09175326400987663,0.8893267651888341,0.7021346469622332,0.41250241173065794,0.5,0.4787005296387214
60,binary,all,False,DT,142,6090,0.8282737087890314,0.20058137114352628,0.8046445393836201,0.21460648462742418,0.8269293924466338,0.7021346469622332,0.41250241173065794,0.5,0.4787005296387214
60,binary,all,False,RF,142,6090,0.876920625962797,0.1675621566976343,0.8466562937925748,0.1954090792454343,0.8760262725779967,0.7021346469622332,0.41250241173065794,0.5,0.4787005296387214
60,binary,all,False,AB,142,6090,0.8466226444735975,0.17379705030615897,0.8210774683362079,0.18423794444267555,0.8453201970443349,0.7021346469622332,0.41250241173065794,0.5,0.4787005296387214
60,binary,all,False,LDA,142,6090,0.9218466044789045,0.08295460432103938,0.8984993669722238,0.11698790393776269,0.9221674876847291,0.7021346469622332,0.41250241173065794,0.5,0.4787005296387214
60,binary,all,False,kNN,142,6090,0.8850725399623595,0.0448587550241857,0.8572215478590992,0.05733918145825391,0.8852216748768473,0.7021346469622332,0.41250241173065794,0.5,0.4787005296387214
60,binary,chest_physio,True,DT,71,6090,0.9304944847876352,0.0914299031948896,0.91868033709593,0.10589941329061058,0.9311986863711001,0.7021346469622332,0.41250241173065794,0.5,0.4787005296387214
60,binary,chest_physio,True,RF,71,6090,0.9696261828958459,0.046465701702729345,0.9646188455678834,0.05252680262728978,0.9697865353037767,0.7021346469622332,0.41250241173065794,0.5,0.4787005296387214
60,binary,chest_physio,True,AB,71,6090,0.9395245278932052,0.08151497781261999,0.9269895189796897,0.09877175753609779,0.9399014778325123,0.7021346469622332,0.41250241173065794,0.5,0.4787005296387214
60,binary,chest_physio,True,LDA,71,6090,0.9403838665239944,0.09499728676680727,0.9253581673410499,0.12196055098920988,0.9415435139573071,0.7021346469622332,0.41250241173065794,0.5,0.4787005296387214
60,binary,chest_physio,True,kNN,71,6090,0.9353012274593423,0.05572231211481232,0.9158730334471918,0.0761283616061647,0.9356321839080459,0.7021346469622332,0.41250241173065794,0.5,0.4787005296387214
60,binary,chest_all,True,DT,86,6090,0.9215014400322036,0.09466897766130818,0.9090493989927235,0.10971478390163342,0.9223316912972085,0.7021346469622332,0.41250241173065794,0.5,0.4787005296387214
60,binary,chest_all,True,RF,86,6090,0.9656457816864804,0.0525145522441041,0.9598305092283143,0.0596081848224637,0.9658456486042692,0.7021346469622332,0.41250241173065794,0.5,0.4787005296387214
60,binary,chest_all,True,AB,86,6090,0.9231077395522076,0.09807004470629216,0.9109601984301566,0.11377072804801089,0.9239737274220032,0.7021346469622332,0.41250241173065794,0.5,0.4787005296387214
60,binary,chest_all,True,LDA,86,6090,0.9392675903261216,0.0880956465077012,0.9206035362885425,0.12213628924285493,0.9402298850574713,0.7021346469622332,0.41250241173065794,0.5,0.4787005296387214
60,binary,chest_all,True,kNN,86,6090,0.9288480826624276,0.056572961306154766,0.9091150664683186,0.0753910214013553,0.929064039408867,0.7021346469622332,0.41250241173065794,0.5,0.4787005296387214
60,binary,wrist_physio,True,DT,41,6090,0.9088386286978083,0.08546625899800299,0.8834301135387793,0.1157597859965641,0.9082101806239737,0.7021346469622332,0.41250241173065794,0.5,0.4787005296387214
60,binary,wrist_physio,True,RF,41,6090,0.9505301899017521,0.0695516924237791,0.9338445887396511,0.09766955825789558,0.9502463054187192,0.7021346469622332,0.41250241173065794,0.5,0.4787005296387214
60,binary,wrist_physio,True,AB,41,6090,0.9400847323019549,0.061144630434543615,0.9241499380991688,0.08345402726196016,0.9400656814449918,0.7021346469622332,0.41250241173065794,0.5,0.4787005296387214
60,binary,wrist_physio,True,LDA,41,6090,0.9468496031952635,0.07929575846354334,0.9312729653690982,0.10176907839431872,0.9463054187192118,0.7021346469622332,0.41250241173065794,0.5,0.4787005296387214
60,binary,wrist_physio,True,kNN,41,6090,0.9513797320440507,0.06854450062442181,0.9337878192733252,0.099869603876618,0.951231527093596,0.7021346469622332,0.41250241173065794,0.5,0.4787005296387214
60,binary,wrist_all,True,DT,56,6090,0.9121200983207663,0.09131289155560025,0.8863503995824359,0.13014212399575736,0.9113300492610837,0.7021346469622332,0.41250241173065794,0.5,0.4787005296387214
60,binary,wrist_all,True,RF,56,6090,0.9510893934455823,0.0717535681195783,0.9336562569960353,0.10159999902721074,0.9507389162561576,0.7021346469622332,0.41250241173065794,0.5,0.4787005296387214
60,binary,wrist_all,True,AB,56,6090,0.9364167494768156,0.05624979218249817,0.9191371365868739,0.07942389867757932,0.9361247947454844,0.7021346469622332,0.41250241173065794,0.5,0.4787005296387214
60,binary,wrist_all,True,LDA,56,6090,0.9496887662568584,0.09302458656891495,0.9388524706964139,0.10770390951023961,0.9490968801313628,0.7021346469622332,0.41250241173065794,0.5,0.4787005296387214
60,binary,wrist_all,True,kNN,56,6090,0.9436131534570874,0.08149891301276871,0.9202376585862673,0.12431137014252666,0.9431855500821018,0.7021346469622332,0.41250241173065794,0.5,0.4787005296387214
60,binary,all_physio,True,DT,112,6090,0.9356682266411227,0.08766813786537546,0.9264472224383316,0.09984487493338336,0.9359605911330049,0.7021346469622332,0.41250241173065794,0.5,0.4787005296387214
60,binary,all_physio,True,RF,112,6090,0.9835574771416927,0.030570724545772445,0.9811540780068386,0.03454478959997058,0.983743842364532,0.7021346469622332,0.41250241173065794,0.5,0.4787005296387214
60,binary,all_physio,True,AB,112,6090,0.9451774063465699,0.07099779987240386,0.9378939832090061,0.07842512189785451,0.945648604269294,0.7021346469622332,0.41250241173065794,0.5,0.4787005296387214
60,binary,all_physio,True,LDA,112,6090,0.9633940242858571,0.06674050354410994,0.9544294045811772,0.0828258354685432,0.9638752052545156,0.7021346469622332,0.41250241173065794,0.5,0.4787005296387214
60,binary,all_physio,True,kNN,112,6090,0.9602203188297287,0.052936413309523485,0.9484712654612361,0.07004055652978636,0.9602627257799672,0.7021346469622332,0.41250241173065794,0.5,0.4787005296387214
60,binary,all,True,DT,142,6090,0.9257194548752669,0.10631441331878852,0.9169435795046422,0.11644059895345464,0.9257799671592775,0.7021346469622332,0.41250241173065794,0.5,0.4787005296387214
60,binary,all,True,RF,142,6090,0.9817056484871087,0.030547165668553602,0.9789581407904733,0.034657082308581,0.9819376026272578,0.7021346469622332,0.41250241173065794,0.5,0.4787005296387214
60,binary,all,True,AB,142,6090,0.9313140017858966,0.09982554771316791,0.9224356929171371,0.10986019984565679,0.9311986863711001,0.7021346469622332,0.41250241173065794,0.5,0.4787005296387214
60,binary,all,True,LDA,142,6090,0.9672970543016405,0.055903685012590514,0.956227479079544,0.0786623889710934,0.9676518883415435,0.7021346469622332,0.41250241173065794,0.5,0.4787005296387214
60,binary,all,True,kNN,142,6090,0.9618604547251672,0.05025654125598488,0.9505406851215453,0.06748331312822871,0.9617405582922824,0.7021346469622332,0.41250241173065794,0.5,0.4787005296387214
60,three_class,chest_physio,False,DT,71,6090,0.6637510008766182,0.17887893444238084,0.598054042286366,0.17795633791561166,0.6635467980295566,0.548768472906404,0.23621713316369805,0.3333333333333333,0.3131408099762224
60,three_class,chest_physio,False,RF,71,6090,0.7761007622460094,0.14651723272388023,0.6313458228624113,0.15141439221316172,0.7752052545155993,0.548768472906404,0.23621713316369805,0.3333333333333333,0.3131408099762224
60,three_class,chest_physio,False,AB,71,6090,0.808039867627897,0.11172577741371562,0.6712483529094051,0.15630896781445391,0.8080459770114943,0.548768472906404,0.23621713316369805,0.3333333333333333,0.3131408099762224
60,three_class,chest_physio,False,LDA,71,6090,0.793689053902563,0.10738716053001195,0.7121242449290128,0.1377863555852422,0.7942528735632184,0.548768472906404,0.23621713316369805,0.3333333333333333,0.3131408099762224
60,three_class,chest_physio,False,kNN,71,6090,0.6885930580654208,0.08819544044130094,0.5784935681663014,0.12262115047506827,0.6883415435139573,0.548768472906404,0.23621713316369805,0.3333333333333333,0.3131408099762224
60,three_class,chest_all,False,DT,86,6090,0.6378712218474388,0.15547642403557915,0.5607421969937965,0.13274709131140142,0.6374384236453202,0.548768472906404,0.23621713316369805,0.3333333333333333,0.3131408099762224
60,three_class,chest_all,False,RF,86,6090,0.7825169008879911,0.13057992619917058,0.6371243089484111,0.1344613681947902,0.7817733990147783,0.548768472906404,0.23621713316369805,0.3333333333333333,0.3131408099762224
60,three_class,chest_all,False,AB,86,6090,0.79066150811296,0.11039043672189906,0.639545892478042,0.14325963100516342,0.7906403940886699,0.548768472906404,0.23621713316369805,0.3333333333333333,0.3131408099762224
60,three_class,chest_all,False,LDA,86,6090,0.7621809620099872,0.12142388786671232,0.6940800917150397,0.13717693957053043,0.7630541871921183,0.548768472906404,0.23621713316369805,0.3333333333333333,0.3131408099762224
60,three_class,chest_all,False,kNN,86,6090,0.597193889830765,0.1620771987287025,0.5076699283572748,0.14424912317424074,0.5967159277504105,0.548768472906404,0.23621713316369805,0.3333333333333333,0.3131408099762224
60,three_class,wrist_physio,False,DT,41,6090,0.6584574481759922,0.16611638124660735,0.5363516955835218,0.17853352003862094,0.6581280788177339,0.548768472906404,0.23621713316369805,0.3333333333333333,0.3131408099762224
60,three_class,wrist_physio,False,RF,41,6090,0.7694704222812256,0.16168572714904944,0.6147194076298625,0.2155062895973148,0.7688013136288998,0.548768472906404,0.23621713316369805,0.3333333333333333,0.3131408099762224
60,three_class,wrist_physio,False,AB,41,6090,0.7485431987209978,0.1392220804522047,0.598507231378002,0.15644431729367836,0.7481116584564861,0.548768472906404,0.23621713316369805,0.3333333333333333,0.3131408099762224
60,three_class,wrist_physio,False,LDA,41,6090,0.749558361835552,0.1257829315039328,0.5828447576450613,0.09590482298740434,0.7495894909688013,0.548768472906404,0.23621713316369805,0.3333333333333333,0.3131408099762224
60,three_class,wrist_physio,False,kNN,41,6090,0.6539632838756358,0.13248212339819418,0.5482831516504095,0.11491411029772138,0.6536945812807882,0.548768472906404,0.23621713316369805,0.3333333333333333,0.3131408099762224
60,three_class,wrist_all,False,DT,56,6090,0.6255857896367978,0.17337700574901183,0.5066287128502833,0.16521142478571293,0.6246305418719211,0.548768472906404,0.23621713316369805,0.3333333333333333,0.3131408099762224
60,three_class,wrist_all,False,RF,56,6090,0.763523828046911,0.13028729197252145,0.6030620436800341,0.17785749727952369,0.7632183908045977,0.548768472906404,0.23621713316369805,0.3333333333333333,0.3131408099762224
60,three_class,wrist_all,False,AB,56,6090,0.7719800342916666,0.0899698606482355,0.6108191752927205,0.12893712253974587,0.7714285714285715,0.548768472906404,0.23621713316369805,0.3333333333333333,0.3131408099762224
60,three_class,wrist_all,False,LDA,56,6090,0.7384496747411988,0.1501525869111657,0.6451412605505163,0.14646343380087284,0.7380952380952381,0.548768472906404,0.23621713316369805,0.3333333333333333,0.3131408099762224
60,three_class,wrist_all,False,kNN,56,6090,0.7158367843004748,0.0932065150322185,0.6229030133445268,0.10507430603266109,0.715927750410509,0.548768472906404,0.23621713316369805,0.3333333333333333,0.3131408099762224
60,three_class,all_physio,False,DT,112,6090,0.6176439663082182,0.27808695223504665,0.5469049995039926,0.27989686904756783,0.6165845648604269,0.548768472906404,0.23621713316369805,0.3333333333333333,0.3131408099762224
60,three_class,all_physio,False,RF,112,6090,0.7483276612545418,0.23212263068274686,0.6158291266484807,0.24198173440480403,0.7469622331691297,0.548768472906404,0.23621713316369805,0.3333333333333333,0.3131408099762224
60,three_class,all_physio,False,AB,112,6090,0.7815293813756174,0.17828465389807355,0.6548665461354524,0.20128323599107525,0.7807881773399015,0.548768472906404,0.23621713316369805,0.3333333333333333,0.3131408099762224
60,three_class,all_physio,False,LDA,112,6090,0.7976247073499759,0.08180913919964461,0.7058170924483627,0.13339805700452015,0.7980295566502463,0.548768472906404,0.23621713316369805,0.3333333333333333,0.3131408099762224
60,three_class,all_physio,False,kNN,112,6090,0.7092859643483261,0.12751503336594316,0.5938386972579253,0.12865506313322683,0.7090311986863711,0.548768472906404,0.23621713316369805,0.3333333333333333,0.3131408099762224
60,three_class,all,False,DT,142,6090,0.6323410453329628,0.24627670994033413,0.5440589481247927,0.24792244865951876,0.6305418719211823,0.548768472906404,0.23621713316369805,0.3333333333333333,0.3131408099762224
60,three_class,all,False,RF,142,6090,0.770802450856871,0.19638630929831852,0.6452549008397488,0.21103574773054878,0.7699507389162562,0.548768472906404,0.23621713316369805,0.3333333333333333,0.3131408099762224
60,three_class,all,False,AB,142,6090,0.7868990889709775,0.13205428881546485,0.6243467676898089,0.1472993565635523,0.7865353037766831,0.548768472906404,0.23621713316369805,0.3333333333333333,0.3131408099762224
60,three_class,all,False,LDA,142,6090,0.7413559677641618,0.14870660473578245,0.6526724071188015,0.1706451898303447,0.7422003284072249,0.548768472906404,0.23621713316369805,0.3333333333333333,0.3131408099762224
60,three_class,all,False,kNN,142,6090,0.6768024992900824,0.13076650801125697,0.5946237993344716,0.11279019606838583,0.6768472906403941,0.548768472906404,0.23621713316369805,0.3333333333333333,0.3131408099762224
60,three_class,chest_physio,True,DT,71,6090,0.8251871950669198,0.14442506539758757,0.7502664940990621,0.17706903060546123,0.8264367816091954,0.548768472906404,0.23621713316369805,0.3333333333333333,0.3131408099762224
60,three_class,chest_physio,True,RF,71,6090,0.9233688396566385,0.06721050916007469,0.8714839018514162,0.12807597883188876,0.9233169129720854,0.548768472906404,0.23621713316369805,0.3333333333333333,0.3131408099762224
60,three_class,chest_physio,True,AB,71,6090,0.9146882675522633,0.09690087303629384,0.861694845967236,0.15947118503107777,0.9146141215106732,0.548768472906404,0.23621713316369805,0.3333333333333333,0.3131408099762224
60,three_class,chest_physio,True,LDA,71,6090,0.8304645056504472,0.16698534719982278,0.7589658693062388,0.18494466825831396,0.8323481116584565,0.548768472906404,0.23621713316369805,0.3333333333333333,0.3131408099762224
60,three_class,chest_physio,True,kNN,71,6090,0.8281969776221029,0.0647858701513922,0.7384234915267872,0.09228056876764475,0.8285714285714286,0.548768472906404,0.23621713316369805,0.3333333333333333,0.3131408099762224
60,three_class,chest_all,True,DT,86,6090,0.7980533614012322,0.1773522641853817,0.7324806494909676,0.17846249176285942,0.8004926108374384,0.548768472906404,0.23621713316369805,0.3333333333333333,0.3131408099762224
60,three_class,chest_all,True,RF,86,6090,0.9161379101399223,0.06181228229252323,0.8567255520370902,0.12757907816061909,0.9160919540229885,0.548768472906404,0.23621713316369805,0.3333333333333333,0.3131408099762224
60,three_class,chest_all,True,AB,86,6090,0.9006720710164073,0.07787218116198077,0.8154761415055376,0.15600053402535335,0.9004926108374385,0.548768472906404,0.23621713316369805,0.3333333333333333,0.3131408099762224
60,three_class,chest_all,True,LDA,86,6090,0.8204379813016389,0.1648703457201292,0.7463407846552631,0.1781149836300189,0.822495894909688,0.548768472906404,0.23621713316369805,0.3333333333333333,0.3131408099762224
60,three_class,chest_all,True,kNN,86,6090,0.8154322522781462,0.05959093473572355,0.7225975782687311,0.09253625616868433,0.8152709359605911,0.548768472906404,0.23621713316369805,0.3333333333333333,0.3131408099762224
60,three_class,wrist_physio,True,DT,41,6090,0.7768833951115108,0.1057760731726381,0.704069018660715,0.11978106321911446,0.7763546798029557,0.548768472906404,0.23621713316369805,0.3333333333333333,0.3131408099762224
60,three_class,wrist_physio,True,RF,41,6090,0.8386718327782674,0.09117801116887016,0.7839128967068061,0.11355584445962913,0.8384236453201971,0.548768472906404,0.23621713316369805,0.3333333333333333,0.3131408099762224
60,three_class,wrist_physio,True,AB,41,6090,0.8427445381766404,0.08914415985351377,0.7529589459637761,0.12760059588601796,0.8422003284072249,0.548768472906404,0.23621713316369805,0.3333333333333333,0.3131408099762224
60,three_class,wrist_physio,True,LDA,41,6090,0.7817771705427934,0.14930689581824497,0.6764741736794513,0.13878673044963685,0.7804597701149425,0.548768472906404,0.23621713316369805,0.3333333333333333,0.3131408099762224
60,three_class,wrist_physio,True,kNN,41,6090,0.7521867663694185,0.11036089787066833,0.6491321729357052,0.0848756188634282,0.7518883415435139,0.548768472906404,0.23621713316369805,0.3333333333333333,0.3131408099762224
60,three_class,wrist_all,True,DT,56,6090,0.7434479939353499,0.08853535037198733,0.6691425951189007,0.11692813636091055,0.7425287356321839,0.548768472906404,0.23621713316369805,0.3333333333333333,0.3131408099762224
60,three_class,wrist_all,True,RF,56,6090,0.8666076620345939,0.09176805441888629,0.8194266248610501,0.11893066817079896,0.8665024630541872,0.548768472906404,0.23621713316369805,0.3333333333333333,0.3131408099762224
60,three_class,wrist_all,True,AB,56,6090,0.8639435455723574,0.0616196056824315,0.7839405317028915,0.1018624659414284,0.8633825944170772,0.548768472906404,0.23621713316369805,0.3333333333333333,0.3131408099762224
60,three_class,wrist_all,True,LDA,56,6090,0.8038226050664168,0.13526197251603875,0.7296390756770177,0.1437454664879223,0.8024630541871921,0.548768472906404,0.23621713316369805,0.3333333333333333,0.3131408099762224
60,three_class,wrist_all,True,kNN,56,6090,0.8006021414674181,0.09823433186409594,0.7166624666752163,0.12982295541124117,0.8003284072249589,0.548768472906404,0.23621713316369805,0.3333333333333333,0.3131408099762224
60,three_class,all_physio,True,DT,112,6090,0.8668581102765803,0.11022499872286369,0.8387336773057427,0.1054624245115761,0.8669950738916257,0.548768472906404,0.23621713316369805,0.3333333333333333,0.3131408099762224
60,three_class,all_physio,True,RF,112,6090,0.9350620420456397,0.060681962677932196,0.8973723323333009,0.10001405535038171,0.9348111658456486,0.548768472906404,0.23621713316369805,0.3333333333333333,0.3131408099762224
60,three_class,all_physio,True,AB,112,6090,0.8718036655446776,0.0949415022620408,0.834664142345353,0.10094941884834194,0.8717569786535304,0.548768472906404,0.23621713316369805,0.3333333333333333,0.3131408099762224
60,three_class,all_physio,True,LDA,112,6090,0.8305050304843054,0.153489329818184,0.7591703693792838,0.16136617247981322,0.8320197044334975,0.548768472906404,0.23621713316369805,0.3333333333333333,0.3131408099762224
60,three_class,all_physio,True,kNN,112,6090,0.8400062319874902,0.0619771547737999,0.7604713294803349,0.09732757621834383,0.8400656814449918,0.548768472906404,0.23621713316369805,0.3333333333333333,0.3131408099762224
60,three_class,all,True,DT,142,6090,0.8097601517210623,0.1652865946228166,0.7777555164686458,0.15447645380358174,0.8105090311986863,0.548768472906404,0.23621713316369805,0.3333333333333333,0.3131408099762224
60,three_class,all,True,RF,142,6090,0.9318855154519401,0.060573000435278204,0.8883234504603469,0.11522915674704758,0.9316912972085386,0.548768472906404,0.23621713316369805,0.3333333333333333,0.3131408099762224
60,three_class,all,True,AB,142,6090,0.8534710603487655,0.15917469565383294,0.822017454927138,0.16270872741348905,0.8530377668308703,0.548768472906404,0.23621713316369805,0.3333333333333333,0.3131408099762224
60,three_class,all,True,LDA,142,6090,0.8205427971812526,0.16626079423172802,0.7472696121269029,0.1721344550350637,0.822495894909688,0.548768472906404,0.23621713316369805,0.3333333333333333,0.3131408099762224
60,three_class,all,True,kNN,142,6090,0.7963713706288472,0.1066858658424077,0.7214047475252946,0.11910096349207995,0.7962233169129721,0.548768472906404,0.23621713316369805,0.3333333333333333,0.3131408099762224
60,four_class,chest_physio,False,DT,71,8091,0.5985895139123772,0.13173929094108566,0.5222544563091398,0.11955819794068595,0.5983191200098875,0.41305153874675565,0.14615586460246655,0.25,0.23861700789413318
60,four_class,chest_physio,False,RF,71,8091,0.7984693661684346,0.10220736212641623,0.6864074414463405,0.12348064000180978,0.7986651835372637,0.41305153874675565,0.14615586460246655,0.25,0.23861700789413318
60,four_class,chest_physio,False,AB,71,8091,0.809394021911365,0.10392677477114567,0.6961498139339761,0.13461517335679418,0.8096650599431467,0.41305153874675565,0.14615586460246655,0.25,0.23861700789413318
60,four_class,chest_physio,False,LDA,71,8091,0.7781162955961564,0.1088154778108627,0.7140263871005869,0.14667710394054218,0.7792609071808182,0.41305153874675565,0.14615586460246655,0.25,0.23861700789413318
60,four_class,chest_physio,False,kNN,71,8091,0.6845200825938009,0.10092888556999319,0.6073835051578848,0.127173502565392,0.6850821900877518,0.41305153874675565,0.14615586460246655,0.25,0.23861700789413318
60,four_class,chest_all,False,DT,86,8091,0.6705506625014566,0.12766216151652554,0.5942260383908133,0.134686890871308,0.6696329254727474,0.41305153874675565,0.14615586460246655,0.25,0.23861700789413318
60,four_class,chest_all,False,RF,86,8091,0.8078762096270591,0.08743373059357805,0.6971973097632488,0.09637771736631066,0.8074403658385861,0.41305153874675565,0.14615586460246655,0.25,0.23861700789413318
60,four_class,chest_all,False,AB,86,8091,0.8025806926973196,0.09140515546303489,0.6814471086982604,0.11283205787595398,0.8027437893956247,0.41305153874675565,0.14615586460246655,0.25,0.23861700789413318
60,four_class,chest_all,False,LDA,86,8091,0.7762509028993327,0.12155624981821193,0.7227668926212326,0.15052199112953693,0.7770362130762576,0.41305153874675565,0.14615586460246655,0.25,0.23861700789413318
60,four_class,chest_all,False,kNN,86,8091,0.6108050782307376,0.14326743210604959,0.5552583909028761,0.14482370780822276,0.6110493140526511,0.41305153874675565,0.14615586460246655,0.25,0.23861700789413318
60,four_class,wrist_physio,False,DT,41,8091,0.49651545409791087,0.14425696215202263,0.41892437624149154,0.12860344135790217,0.4961067853170189,0.41305153874675565,0.14615586460246655,0.25,0.23861700789413318
60,four_class,wrist_physio,False,RF,41,8091,0.6419892690056306,0.15387744006941947,0.5111720570633541,0.17438446290474519,0.6418242491657397,0.41305153874675565,0.14615586460246655,0.25,0.23861700789413318
60,four_class,wrist_physio,False,AB,41,8091,0.6322546348786965,0.11231819171748235,0.4974988643433857,0.12692818730048003,0.631936719812137,0.41305153874675565,0.14615586460246655,0.25,0.23861700789413318
60,four_class,wrist_physio,False,LDA,41,8091,0.6522429281904817,0.11322380811870374,0.5201433459658164,0.09948135780843682,0.6524533432208627,0.41305153874675565,0.14615586460246655,0.25,0.23861700789413318
60,four_class,wrist_physio,False,kNN,41,8091,0.5066632994360547,0.11530887581234621,0.4358004703818734,0.10269800225615854,0.5067358793721419,0.41305153874675565,0.14615586460246655,0.25,0.23861700789413318
60,four_class,wrist_all,False,DT,56,8091,0.5590833123393241,0.16701125326474914,0.4710028945202705,0.14821466205355896,0.5579038437770362,0.41305153874675565,0.14615586460246655,0.25,0.23861700789413318
60,four_class,wrist_all,False,RF,56,8091,0.7232168763503564,0.08072067818649364,0.5836346048998071,0.08684328774296338,0.7232727722160425,0.41305153874675565,0.14615586460246655,0.25,0.23861700789413318
60,four_class,wrist_all,False,AB,56,8091,0.696828109994878,0.0670535777777473,0.5567394116035563,0.08394659363851338,0.696576442961315,0.41305153874675565,0.14615586460246655,0.25,0.23861700789413318
60,four_class,wrist_all,False,LDA,56,8091,0.6918878353943572,0.122512752436908,0.6131545209881436,0.1262583230324877,0.6916326782845137,0.41305153874675565,0.14615586460246655,0.25,0.23861700789413318
60,four_class,wrist_all,False,kNN,56,8091,0.6047562776047233,0.07411424290618128,0.5196488033630069,0.07991847672991959,0.6046224199728093,0.41305153874675565,0.14615586460246655,0.25,0.23861700789413318
60,four_class,all_physio,False,DT,112,8091,0.5979660756036105,0.18503163020795466,0.5266512116243567,0.15795275951264223,0.5973303670745272,0.41305153874675565,0.14615586460246655,0.25,0.23861700789413318
60,four_class,all_physio,False,RF,112,8091,0.7777215347485072,0.16650983332969857,0.6784791925972745,0.17830180808034876,0.7775305895439377,0.41305153874675565,0.14615586460246655,0.25,0.23861700789413318
60,four_class,all_physio,False,AB,112,8091,0.780954226090247,0.1494503780835516,0.6795270060302008,0.16064082636134558,0.7806204424669386,0.41305153874675565,0.14615586460246655,0.25,0.23861700789413318
60,four_class,all_physio,False,LDA,112,8091,0.780909784123858,0.08774272822702155,0.70245945563729,0.1201612377440335,0.781856383636139,0.41305153874675565,0.14615586460246655,0.25,0.23861700789413318
60,four_class,all_physio,False,kNN,112,8091,0.6750214766449518,0.11642938961829918,0.5929184689923968,0.12931391134002326,0.6755654430849092,0.41305153874675565,0.14615586460246655,0.25,0.23861700789413318
60,four_class,all,False,DT,142,8091,0.6677419593476428,0.1342602169860151,0.5924908774574121,0.12218654602111167,0.6666666666666666,0.41305153874675565,0.14615586460246655,0.25,0.23861700789413318
60,four_class,all,False,RF,142,8091,0.7912080683945836,0.14480823271988658,0.6830024604876683,0.14975611853759885,0.7906315659374614,0.41305153874675565,0.14615586460246655,0.25,0.23861700789413318
60,four_class,all,False,AB,142,8091,0.8021604811519687,0.11459304568439924,0.6876145782385633,0.12144712698605903,0.8020022246941045,0.41305153874675565,0.14615586460246655,0.25,0.23861700789413318
60,four_class,all,False,LDA,142,8091,0.7588528454497975,0.11175373023670097,0.6877488227986196,0.1144730073695358,0.7591150661228525,0.41305153874675565,0.14615586460246655,0.25,0.23861700789413318
60,four_class,all,False,kNN,142,8091,0.660228151874641,0.137697452677275,0.6108471342616838,0.13801121712913364,0.660734149054505,0.41305153874675565,0.14615586460246655,0.25,0.23861700789413318
60,four_class,chest_physio,True,DT,71,8091,0.7955168537909356,0.10369807619403394,0.7328250113234273,0.1131420072993806,0.7960697070819429,0.41305153874675565,0.14615586460246655,0.25,0.23861700789413318
60,four_class,chest_physio,True,RF,71,8091,0.8962359109070817,0.08805991936052122,0.8418744973961981,0.1226520006403867,0.896428130021011,0.41305153874675565,0.14615586460246655,0.25,0.23861700789413318
60,four_class,chest_physio,True,AB,71,8091,0.9060127229558117,0.06744073714863118,0.8373223804929307,0.11946260052360119,0.9061920652576937,0.41305153874675565,0.14615586460246655,0.25,0.23861700789413318
60,four_class,chest_physio,True,LDA,71,8091,0.8531649265507217,0.12729401563292086,0.7966454531510938,0.13697441421952922,0.8544061302681992,0.41305153874675565,0.14615586460246655,0.25,0.23861700789413318
60,four_class,chest_physio,True,kNN,71,8091,0.8335032943099324,0.06379220139396816,0.7561872767805743,0.08173067868047705,0.8337659127425534,0.41305153874675565,0.14615586460246655,0.25,0.23861700789413318
60,four_class,chest_all,True,DT,86,8091,0.7513831900523358,0.1409875789123783,0.6699254842350421,0.12761481598692734,0.7528117661599308,0.41305153874675565,0.14615586460246655,0.25,0.23861700789413318
60,four_class,chest_all,True,RF,86,8091,0.9041817471206224,0.060628635826968286,0.8420431241537851,0.10844423600921212,0.9043381535038932,0.41305153874675565,0.14615586460246655,0.25,0.23861700789413318
60,four_class,chest_all,True,AB,86,8091,0.8875842673787182,0.06480993826587012,0.7981720749558356,0.11208024813573558,0.8877765418366086,0.41305153874675565,0.14615586460246655,0.25,0.23861700789413318
60,four_class,chest_all,True,LDA,86,8091,0.83408144348172,0.14136919176272666,0.7734631513107357,0.14246486441223194,0.835619824496354,0.41305153874675565,0.14615586460246655,0.25,0.23861700789413318
60,four_class,chest_all,True,kNN,86,8091,0.817874585445632,0.06935681612352863,0.7433996859862206,0.08456001957881878,0.818069459893709,0.41305153874675565,0.14615586460246655,0.25,0.23861700789413318
60,four_class,wrist_physio,True,DT,41,8091,0.6703578656394621,0.09597933857012955,0.5921988336198415,0.08740572206120051,0.6702508960573477,0.41305153874675565,0.14615586460246655,0.25,0.23861700789413318
60,four_class,wrist_physio,True,RF,41,8091,0.743243329378174,0.10319446051796496,0.6439976814392817,0.10017914744802346,0.742677048572488,0.41305153874675565,0.14615586460246655,0.25,0.23861700789413318
60,four_class,wrist_physio,True,AB,41,8091,0.7721331421968786,0.07857604689642805,0.6586934782857881,0.07679848567231613,0.7715980719317761,0.41305153874675565,0.14615586460246655,0.25,0.23861700789413318
60,four_class,wrist_physio,True,LDA,41,8091,0.7340712937656413,0.1223024329750757,0.6295375906295945,0.08085515806021687,0.7335310839204053,0.41305153874675565,0.14615586460246655,0.25,0.23861700789413318
60,four_class,wrist_physio,True,kNN,41,8091,0.6835820824336805,0.11845932201921622,0.5998542416908919,0.08948122301473638,0.6834754665677913,0.41305153874675565,0.14615586460246655,0.25,0.23861700789413318
60,four_class,wrist_all,True,DT,56,8091,0.6539814555116127,0.1264981277985674,0.5650506546900775,0.14224890490656464,0.653565690273143,0.41305153874675565,0.14615586460246655,0.25,0.23861700789413318
60,four_class,wrist_all,True,RF,56,8091,0.7687980165847418,0.07986810703507947,0.6723136431346507,0.10202709747562878,0.7686318131256952,0.41305153874675565,0.14615586460246655,0.25,0.23861700789413318
60,four_class,wrist_all,True,AB,56,8091,0.7945503376804749,0.06081995838759723,0.687439557179643,0.0810007231700106,0.7943393894450624,0.41305153874675565,0.14615586460246655,0.25,0.23861700789413318
60,four_class,wrist_all,True,LDA,56,8091,0.7730684960914971,0.08550298635381388,0.7089381574349566,0.07077304907990485,0.7725868248671364,0.41305153874675565,0.14615586460246655,0.25,0.23861700789413318
60,four_class,wrist_all,True,kNN,56,8091,0.7359076320927346,0.08629181633896489,0.6589759070811552,0.10058254640874452,0.7360029662588061,0.41305153874675565,0.14615586460246655,0.25,0.23861700789413318
60,four_class,all_physio,True,DT,112,8091,0.8018443052948533,0.0996106287437275,0.7546359858291165,0.09440741990296266,0.8023730070448647,0.41305153874675565,0.14615586460246655,0.25,0.23861700789413318
60,four_class,all_physio,True,RF,112,8091,0.913150016286961,0.06445768723287809,0.851479454901704,0.11375836734966217,0.9132369299221357,0.41305153874675565,0.14615586460246655,0.25,0.23861700789413318
60,four_class,all_physio,True,AB,112,8091,0.9211673537985696,0.04414288147342755,0.8608448771059506,0.09312351825866262,0.9212705475219379,0.41305153874675565,0.14615586460246655,0.25,0.23861700789413318
60,four_class,all_physio,True,LDA,112,8091,0.8526248586894466,0.12411262946433883,0.798234964774491,0.13142237642217325,0.8537881596835991,0.41305153874675565,0.14615586460246655,0.25,0.23861700789413318
60,four_class,all_physio,True,kNN,112,8091,0.8445792924696469,0.07161736715923112,0.7769709208822372,0.08241202410081956,0.8448893832653566,0.41305153874675565,0.14615586460246655,0.25,0.23861700789413318
60,four_class,all,True,DT,142,8091,0.8129366937146896,0.11290843475541207,0.7408120225716387,0.11087056981432285,0.8132492893338277,0.41305153874675565,0.14615586460246655,0.25,0.23861700789413318
60,four_class,all,True,RF,142,8091,0.9167940423167481,0.043394622378487145,0.8551803458195797,0.09474592947983733,0.9168211593128167,0.41305153874675565,0.14615586460246655,0.25,0.23861700789413318
60,four_class,all,True,AB,142,8091,0.9034510878141497,0.038245084900344985,0.810732422135597,0.10131406304826472,0.903472994685453,0.41305153874675565,0.14615586460246655,0.25,0.23861700789413318
60,four_class,all,True,LDA,142,8091,0.848893710083202,0.13074286734379248,0.7935329542520257,0.12962291028235834,0.850327524409838,0.41305153874675565,0.14615586460246655,0.25,0.23861700789413318
60,four_class,all,True,kNN,142,8091,0.8197430739643232,0.09226851151874825,0.7617270023762283,0.09451784152397268,0.8200469657644296,0.41305153874675565,0.14615586460246655,0.25,0.23861700789413318
