model,config,task,precision,threads,median_ms,p95_ms,mean_ms,duty_cycle
bigru_attn,e_four_class_bigru_attn_rest5_w60,four_class,fp32,1,12.897950000000002,13.678865,12.930013333333333,0.0012897950000000003
bigru_attn,e_four_class_bigru_attn_rest5_w60,four_class,fp32,4,14.25715,23.105465000000002,15.306051666666669,0.001425715
bigru_attn,e_four_class_bigru_attn_rest5_w60,four_class,int8,1,25.7456,31.10322,24.922043,0.00257456
bigru_attn,e_four_class_bigru_attn_rest5_w60,four_class,int8,4,31.8681,35.997305000000004,32.161164666666664,0.00318681
bilstm_attn,b_four_class_bilstm_attn_w60,four_class,fp32,1,8.98015,10.179475,8.735229666666665,0.0008980150000000001
bilstm_attn,b_four_class_bilstm_attn_w60,four_class,fp32,4,5.25345,6.7326250000000005,5.346416333333333,0.000525345
bilstm_attn,b_four_class_bilstm_attn_w60,four_class,int8,1,22.093649999999997,30.173495,22.876725999999998,0.0022093649999999996
bilstm_attn,b_four_class_bilstm_attn_w60,four_class,int8,4,30.9578,36.353515,31.52342033333333,0.00309578
cnn_lstm,b_four_class_cnn_lstm_w60,four_class,fp32,1,5.35055,6.261340000000001,5.254137333333333,0.000535055
cnn_lstm,b_four_class_cnn_lstm_w60,four_class,fp32,4,2.9531,3.41527,2.991732333333333,0.00029531
cnn_lstm,b_four_class_cnn_lstm_w60,four_class,int8,1,13.3544,16.681925,12.816933333333333,0.00133544
cnn_lstm,b_four_class_cnn_lstm_w60,four_class,int8,4,16.0969,19.400090000000002,16.43114033333333,0.0016096900000000002
cnn,e_four_class_cnn_rest5_w60,four_class,fp32,1,3.4179500000000003,3.9859100000000005,3.4105149999999997,0.00034179500000000004
cnn,e_four_class_cnn_rest5_w60,four_class,fp32,4,1.5341,1.834135,1.5709523333333335,0.00015341
cnn,e_four_class_cnn_rest5_w60,four_class,int8,1,3.69095,4.371435000000001,3.640460333333333,0.000369095
cnn,e_four_class_cnn_rest5_w60,four_class,int8,4,1.7706499999999998,2.17201,1.816096666666667,0.00017706499999999999
bigru_only,b_four_class_bigru_only_w60,four_class,fp32,1,14.9149,18.113100000000003,14.079915000000002,0.0014914899999999998
bigru_only,b_four_class_bigru_only_w60,four_class,fp32,4,13.506049999999998,14.611405000000001,13.422829666666667,0.0013506049999999997
bigru_only,b_four_class_bigru_only_w60,four_class,int8,1,19.938200000000002,27.1823,20.392349333333332,0.0019938200000000003
bigru_only,b_four_class_bigru_only_w60,four_class,int8,4,29.20365,33.02656,29.53230733333334,0.002920365
tiny_dscnn,e_four_class_tiny_dscnn_rest5_w60,four_class,fp32,1,1.65865,2.14627,1.602878,0.00016586499999999998
tiny_dscnn,e_four_class_tiny_dscnn_rest5_w60,four_class,fp32,4,1.2214,1.671445,1.273785333333333,0.00012214
tiny_dscnn,e_four_class_tiny_dscnn_rest5_w60,four_class,int8,1,1.88585,2.4419649999999997,1.8456830000000002,0.000188585
tiny_dscnn,e_four_class_tiny_dscnn_rest5_w60,four_class,int8,4,1.4279,1.91693,1.5048476666666666,0.00014279
