dataset,test_dataset,window_sec,task,feature_set,normalisation,subject_normalisation,classifier,calibration_minutes,n_features,n_windows,majority_accuracy,majority_f1_macro,random_accuracy,random_f1_macro,accuracy_mean,accuracy_std,f1_macro_mean,f1_macro_std,accuracy_pooled,accuracy_before_mean,f1_macro_before_mean,n_calibration_mean
stress_predict,,60,binary,wrist_physio,none,False,DT,,41,19703,0.6872049941633254,0.4073037932797882,0.5,0.4818407409568237,0.6220070199513613,0.0716923953931239,0.5584924167719729,0.07748908454770384,0.6229000659798001,,,
stress_predict,,60,binary,wrist_physio,none,False,DT,1.0,41,19703,0.6872049941633254,0.4073037932797882,0.5,0.4818407409568237,0.6342555672017678,0.06454171720658892,0.5699194574846991,0.07120106734705046,0.6347222957589876,0.6251288894690807,0.5590587655305955,2.0
stress_predict,,60,binary,wrist_physio,none,False,DT,2.0,41,19703,0.6872049941633254,0.4073037932797882,0.5,0.4818407409568237,0.6410697075595202,0.08574709193237645,0.5841056581219044,0.08327357120990334,0.6405290244037408,0.6291773129973147,0.5608915397224407,26.0
stress_predict,,60,binary,wrist_physio,none,False,DT,4.0,41,19703,0.6872049941633254,0.4073037932797882,0.5,0.4818407409568237,0.6540035370270852,0.09418694806033223,0.5875109207959928,0.09786702348451273,0.6534394749635392,0.6371513623465098,0.564249113293618,74.0
stress_predict,,60,binary,wrist_physio,none,False,RF,,41,19703,0.6872049941633254,0.4073037932797882,0.5,0.4818407409568237,0.7218361838631857,0.06028706429168715,0.6024822107615936,0.12561513321987025,0.7223265492564585,,,
stress_predict,,60,binary,wrist_physio,none,False,RF,1.0,41,19703,0.6872049941633254,0.4073037932797882,0.5,0.4818407409568237,0.7263345021202828,0.06523894648090357,0.6098760510521126,0.1291534521511312,0.7268491555037857,0.7247240478815086,0.6014653423269053,2.0
stress_predict,,60,binary,wrist_physio,none,False,RF,2.0,41,19703,0.6872049941633254,0.4073037932797882,0.5,0.4818407409568237,0.7205588745114505,0.07162921063041716,0.6166697675894511,0.11906705635517337,0.7212107797022854,0.7307123451283033,0.6044064379851843,26.0
stress_predict,,60,binary,wrist_physio,none,False,RF,4.0,41,19703,0.6872049941633254,0.4073037932797882,0.5,0.4818407409568237,0.728764918064437,0.08275775870480333,0.6262482485156449,0.12158197550227687,0.7298249878463782,0.7438407013939597,0.6110782769283962,74.0
stress_predict,,60,binary,wrist_physio,none,False,AB,,41,19703,0.6872049941633254,0.4073037932797882,0.5,0.4818407409568237,0.7212889928275203,0.05665180045718568,0.5860347441927664,0.11962137487789903,0.7213114754098361,,,
stress_predict,,60,binary,wrist_physio,none,False,AB,1.0,41,19703,0.6872049941633254,0.4073037932797882,0.5,0.4818407409568237,0.7224303080991826,0.05969703081350474,0.589801459799058,0.12107006698180933,0.7228252236988405,0.7261298696659118,0.5877038616019746,2.0
stress_predict,,60,binary,wrist_physio,none,False,AB,2.0,41,19703,0.6872049941633254,0.4073037932797882,0.5,0.4818407409568237,0.7299221582631378,0.06602467223449375,0.6055841696193625,0.1239543821010736,0.7301200818991754,0.7331631298978374,0.5921766021258607,26.0
stress_predict,,60,binary,wrist_physio,none,False,AB,4.0,41,19703,0.6872049941633254,0.4073037932797882,0.5,0.4818407409568237,0.7442778131132511,0.07522752308773359,0.6252216120622043,0.12698083971038507,0.7449562469615946,0.747759558600928,0.5994058005328147,74.0
stress_predict,,60,binary,wrist_physio,none,False,LDA,,41,19703,0.6872049941633254,0.4073037932797882,0.5,0.4818407409568237,0.721807311260632,0.061536628192839615,0.5797761024436066,0.1251506546072768,0.7215144901791606,,,
stress_predict,,60,binary,wrist_physio,none,False,LDA,1.0,41,19703,0.6872049941633254,0.4073037932797882,0.5,0.4818407409568237,0.7274552587952973,0.059576016955587056,0.5834860570391289,0.12397597615294038,0.7271668343304919,0.7272928085251743,0.5827926457102727,2.0
stress_predict,,60,binary,wrist_physio,none,False,LDA,2.0,41,19703,0.6872049941633254,0.4073037932797882,0.5,0.4818407409568237,0.7384270877760027,0.05684394051191713,0.6022112739334747,0.12215544801600967,0.738033313042997,0.733654215116787,0.5859155507943616,26.0
stress_predict,,60,binary,wrist_physio,none,False,LDA,4.0,41,19703,0.6872049941633254,0.4073037932797882,0.5,0.4818407409568237,0.759453351913566,0.05519282432417243,0.6210369721709248,0.12126404795076262,0.7588113757899854,0.751625131222067,0.5952176779820862,74.0
stress_predict,,60,binary,wrist_physio,none,False,kNN,,41,19703,0.6872049941633254,0.4073037932797882,0.5,0.4818407409568237,0.6733467020564665,0.07174937358720339,0.5924518954577398,0.09336455874900568,0.6733999898492615,,,
stress_predict,,60,binary,wrist_physio,none,False,kNN,1.0,41,19703,0.6872049941633254,0.4073037932797882,0.5,0.4818407409568237,0.6724110909980316,0.07297857688224606,0.5908083045013922,0.09335102129819897,0.6725260761370254,0.6750768617132249,0.5908423242433704,2.0
stress_predict,,60,binary,wrist_physio,none,False,kNN,2.0,41,19703,0.6872049941633254,0.4073037932797882,0.5,0.4818407409568237,0.6736582911961189,0.06978705741826771,0.5994639065019064,0.08821084296204741,0.6738974046815339,0.6796448452285228,0.5926713081852453,26.0
stress_predict,,60,binary,wrist_physio,none,False,kNN,4.0,41,19703,0.6872049941633254,0.4073037932797882,0.5,0.4818407409568237,0.6793188077537115,0.0723089286877003,0.6049447001849826,0.08945402969817581,0.6796305298979096,0.6890391091117586,0.5930724890244428,74.0
stress_predict,,60,binary,wrist_all,none,False,DT,,56,19703,0.6872049941633254,0.4073037932797882,0.5,0.4818407409568237,0.6458592519869596,0.08606406537569145,0.5871849532662652,0.0953310352588096,0.6457392275288028,,,
stress_predict,,60,binary,wrist_all,none,False,DT,1.0,56,19703,0.6872049941633254,0.4073037932797882,0.5,0.4818407409568237,0.6524438116575355,0.08739103568158901,0.5871207228909323,0.10092008971436044,0.6518769524011224,0.6478551041891748,0.5872621839656619,2.0
stress_predict,,60,binary,wrist_all,none,False,DT,2.0,56,19703,0.6872049941633254,0.4073037932797882,0.5,0.4818407409568237,0.6580296975009832,0.0897306321985657,0.5888210200727295,0.10019083164822318,0.6574622323059045,0.6476474935561647,0.5825190022584739,26.0
stress_predict,,60,binary,wrist_all,none,False,DT,4.0,56,19703,0.6872049941633254,0.4073037932797882,0.5,0.4818407409568237,0.6837577443144364,0.08456377221285863,0.6007634513103263,0.10306589327335995,0.6832766164316967,0.6525004019481742,0.5770682275511595,74.0
stress_predict,,60,binary,wrist_all,none,False,RF,,56,19703,0.6872049941633254,0.4073037932797882,0.5,0.4818407409568237,0.7418512214832406,0.0688659131397551,0.633936008516234,0.12250966030714998,0.7423235040349185,,,
stress_predict,,60,binary,wrist_all,none,False,RF,1.0,56,19703,0.6872049941633254,0.4073037932797882,0.5,0.4818407409568237,0.7454433486935057,0.07135279696600402,0.6342077256711824,0.12798829721763316,0.7460687245195108,0.7452852845479945,0.6330344331965643,2.0
stress_predict,,60,binary,wrist_all,none,False,RF,2.0,56,19703,0.6872049941633254,0.4073037932797882,0.5,0.4818407409568237,0.7504000927141804,0.06506874126599836,0.6464216142049203,0.1026281535539866,0.7507055503292568,0.7486138304248433,0.6291802783048028,26.0
stress_predict,,60,binary,wrist_all,none,False,RF,4.0,56,19703,0.6872049941633254,0.4073037932797882,0.5,0.4818407409568237,0.7566369851141399,0.06797822230328908,0.6353536835559328,0.12104373611218672,0.7566844919786097,0.7558438782156612,0.6180707050433403,74.0
stress_predict,,60,binary,wrist_all,none,False,AB,,56,19703,0.6872049941633254,0.4073037932797882,0.5,0.4818407409568237,0.7372167116571225,0.06437697258220554,0.6090460156258495,0.12837969334353636,0.7379079328021113,,,
stress_predict,,60,binary,wrist_all,none,False,AB,1.0,56,19703,0.6872049941633254,0.4073037932797882,0.5,0.4818407409568237,0.7424794653189568,0.061051254268974536,0.6105142314215849,0.12946454784428688,0.7427330968390957,0.7405877366822968,0.6076450640521525,2.0
stress_predict,,60,binary,wrist_all,none,False,AB,2.0,56,19703,0.6872049941633254,0.4073037932797882,0.5,0.4818407409568237,0.7560543024578279,0.061580507673317415,0.6317325175851662,0.12279222523233554,0.7565713020862155,0.7447607332512256,0.6060219649518724,26.0
stress_predict,,60,binary,wrist_all,none,False,AB,4.0,56,19703,0.6872049941633254,0.4073037932797882,0.5,0.4818407409568237,0.7617176686465,0.052902236073831495,0.6236410529979163,0.10862296243210551,0.7617282450170151,0.7555321155100274,0.6002130820566647,74.0
stress_predict,,60,binary,wrist_all,none,False,LDA,,56,19703,0.6872049941633254,0.4073037932797882,0.5,0.4818407409568237,0.7319720952231791,0.05417387550070257,0.6200997955585565,0.11009395657824805,0.7320712581840328,,,
stress_predict,,60,binary,wrist_all,none,False,LDA,1.0,56,19703,0.6872049941633254,0.4073037932797882,0.5,0.4818407409568237,0.7364351550024314,0.05471582463997917,0.622170829119679,0.10949016039175392,0.7365383597183248,0.7355190574564039,0.6197970669383219,2.0
stress_predict,,60,binary,wrist_all,none,False,LDA,2.0,56,19703,0.6872049941633254,0.4073037932797882,0.5,0.4818407409568237,0.7540612110101512,0.05914687330744208,0.648005834414504,0.11534299602690806,0.7536384262077361,0.7396721900924164,0.6175305294401517,26.0
stress_predict,,60,binary,wrist_all,none,False,LDA,4.0,56,19703,0.6872049941633254,0.4073037932797882,0.5,0.4818407409568237,0.772769441756564,0.057778356283901516,0.6599889500568102,0.11328911346501963,0.7720588235294118,0.7517464001510872,0.6131998104930872,74.0
stress_predict,,60,binary,wrist_all,none,False,kNN,,56,19703,0.6872049941633254,0.4073037932797882,0.5,0.4818407409568237,0.6905368133627056,0.046668934194922344,0.6260123167541326,0.05728753593585011,0.6911637821651525,,,
stress_predict,,60,binary,wrist_all,none,False,kNN,1.0,56,19703,0.6872049941633254,0.4073037932797882,0.5,0.4818407409568237,0.6883344776642932,0.0462951418040291,0.6227785678493024,0.056774325671753355,0.6889924286546302,0.6921574239278007,0.6240680985928062,2.0
stress_predict,,60,binary,wrist_all,none,False,kNN,2.0,56,19703,0.6872049941633254,0.4073037932797882,0.5,0.4818407409568237,0.6886126118803106,0.05235878010033557,0.6227959901614223,0.059072981940650235,0.689281168723369,0.6926907776972957,0.6185205287492548,26.0
stress_predict,,60,binary,wrist_all,none,False,kNN,4.0,56,19703,0.6872049941633254,0.4073037932797882,0.5,0.4818407409568237,0.6823862567424532,0.06069468616000072,0.6001001181206223,0.06602885915043154,0.6831550802139037,0.693744930812375,0.603803965807995,74.0
stress_predict,,60,binary,wrist_physio,rest_minutes:5,True,DT,,41,19703,0.6872049941633254,0.4073037932797882,0.5,0.4818407409568237,0.6311818477358536,0.08397154217823588,0.5577686560163452,0.08510195271998713,0.6303101050601432,,,
stress_predict,,60,binary,wrist_physio,rest_minutes:5,True,DT,1.0,41,19703,0.6872049941633254,0.4073037932797882,0.5,0.4818407409568237,0.6224236466270324,0.08408104886002553,0.5560283659111107,0.07844190329000335,0.6216974638640335,0.6303441611242137,0.5564256092686338,2.0
stress_predict,,60,binary,wrist_physio,rest_minutes:5,True,DT,2.0,41,19703,0.6872049941633254,0.4073037932797882,0.5,0.4818407409568237,0.629413987197921,0.07095333487601524,0.5592640734194382,0.07423976500008521,0.6285208344861933,0.6271811591437326,0.5519157058991961,26.0
stress_predict,,60,binary,wrist_physio,rest_minutes:5,True,DT,4.0,41,19703,0.6872049941633254,0.4073037932797882,0.5,0.4818407409568237,0.6016991147987485,0.10151751136663507,0.5491172592974767,0.10065517024840123,0.600085075352455,0.6206471960912466,0.5421183399213269,74.0
stress_predict,,60,binary,wrist_physio,rest_minutes:5,True,RF,,41,19703,0.6872049941633254,0.4073037932797882,0.5,0.4818407409568237,0.7019130618399635,0.08854095926537092,0.5900508413582696,0.12198976776291517,0.7015175354007004,,,
stress_predict,,60,binary,wrist_physio,rest_minutes:5,True,RF,1.0,41,19703,0.6872049941633254,0.4073037932797882,0.5,0.4818407409568237,0.7054288983846626,0.09147881777731072,0.5983630532798999,0.12104782474574703,0.705088155874411,0.706720742274545,0.5949044232593304,2.0
stress_predict,,60,binary,wrist_physio,rest_minutes:5,True,RF,2.0,41,19703,0.6872049941633254,0.4073037932797882,0.5,0.4818407409568237,0.7034780728786894,0.10059830534240624,0.614279910467382,0.11671632207119928,0.702783465220519,0.7086531919955759,0.594518365866355,26.0
stress_predict,,60,binary,wrist_physio,rest_minutes:5,True,RF,4.0,41,19703,0.6872049941633254,0.4073037932797882,0.5,0.4818407409568237,0.6991311960930339,0.11580527226161061,0.6124734127528184,0.12813714405860177,0.6979824987846378,0.7095088993645163,0.5878027784160235,74.0
stress_predict,,60,binary,wrist_physio,rest_minutes:5,True,AB,,41,19703,0.6872049941633254,0.4073037932797882,0.5,0.4818407409568237,0.713615157204756,0.06430072613273234,0.578297370427958,0.11255455646422095,0.713495406790844,,,
