subject,accuracy,f1_macro,balanced_accuracy,kappa,majority_accuracy,majority_f1_macro,f1_baseline,f1_stress,f1_amusement
S2,0.6752577319587629,0.6799844803336729,0.7502919099249374,0.5048012641303027,0.5618556701030928,0.23982398239823985,0.7471264367816092,0.5333333333333333,0.759493670886076
S3,0.7208121827411168,0.6763073111809739,0.7253979043930842,0.5645096463022509,0.5482233502538071,0.23606557377049184,0.869109947643979,0.5945945945945946,0.5652173913043479
S4,0.8434343434343434,0.6254980079681275,0.6666666666666666,0.6997798972853998,0.5555555555555556,0.2380952380952381,0.8764940239043825,1.0,0.0
S5,0.9802955665024631,0.9738455988455988,0.9883040935672515,0.9664739884393064,0.5615763546798029,0.2397476340694006,0.9821428571428572,1.0,0.9393939393939393
S6,0.9356435643564357,0.8811176728400612,0.8602150537634409,0.8872719467696931,0.5544554455445545,0.237791932059448,0.986784140969163,0.921875,0.7346938775510204
S7,0.5074626865671642,0.5310310559006212,0.7053571428571429,0.3693068365503471,0.5572139303482587,0.23855165069222575,0.208,1.0,0.38509316770186336
S8,0.5812807881773399,0.50866310720268,0.5045045045045046,0.33290806464084116,0.5467980295566502,0.23566878980891717,0.5728643216080402,0.953125,0.0
S9,1.0,1.0,1.0,1.0,0.5544554455445545,0.237791932059448,1.0,1.0,1.0
S10,0.8516746411483254,0.6261437908496732,0.6666666666666666,0.7220386974988201,0.5358851674641149,0.23260643821391483,0.8784313725490196,1.0,0.0
S11,0.975609756097561,0.9675140280333493,0.9851190476190476,0.9591324109883975,0.5463414634146342,0.23554153522607782,0.9771689497716896,1.0,0.9253731343283582
S13,0.9950980392156863,0.993377026560883,0.9970238095238096,0.9916829745596869,0.5490196078431373,0.23628691983122363,0.9955156950672646,1.0,0.9846153846153847
S14,0.553921568627451,0.42737538940809977,0.4258879781420765,0.2580335731414869,0.5490196078431373,0.23628691983122363,0.7196261682242991,0.5625,0.0
S15,0.9170731707317074,0.8503641717030838,0.8172043010752689,0.8511574271803196,0.5414634146341464,0.23417721518987344,0.9288702928870293,1.0,0.6222222222222222
S16,0.9362745098039216,0.8761712481234145,0.8555555555555555,0.8890933422549347,0.5490196078431373,0.23628691983122363,1.0,0.9051094890510949,0.7234042553191489
S17,0.6076555023923444,0.4353535353535353,0.5723886328725039,0.3976945244956772,0.5358851674641149,0.23260643821391483,0.9272727272727271,0.0,0.3787878787878788
