dataset,test_dataset,window_sec,task,feature_set,normalisation,subject_normalisation,classifier,calibration_minutes,n_features,n_windows,majority_accuracy,majority_f1_macro,random_accuracy,random_f1_macro,accuracy_mean,accuracy_std,f1_macro_mean,f1_macro_std,accuracy_pooled
wesad,stress_predict,60,binary,wrist_physio,none,False,DT,,41,19262,0.7029384279929395,0.4127797085543565,0.5,0.47852350930997045,0.626384087383942,0.14197872399595893,0.49893474603253396,0.13887633402834643,0.6266223652787872
wesad,stress_predict,60,binary,wrist_physio,none,False,RF,,41,19262,0.7029384279929395,0.4127797085543565,0.5,0.47852350930997045,0.6288089706690336,0.14057542686298588,0.4974481511136486,0.13479319180609092,0.6290624026580832
wesad,stress_predict,60,binary,wrist_physio,none,False,AB,,41,19262,0.7029384279929395,0.4127797085543565,0.5,0.47852350930997045,0.6259419568299007,0.1425971346746471,0.4996433643240471,0.1333382136097911,0.6263627868341813
wesad,stress_predict,60,binary,wrist_physio,none,False,LDA,,41,19262,0.7029384279929395,0.4127797085543565,0.5,0.47852350930997045,0.5782601632033058,0.1554601259646196,0.5005669533044842,0.13120917851130295,0.578963762849133
wesad,stress_predict,60,binary,wrist_physio,none,False,kNN,,41,19262,0.7029384279929395,0.4127797085543565,0.5,0.47852350930997045,0.6124029123798521,0.10396406219641771,0.5206689251029581,0.08527828690389642,0.6126051292700654
wesad,stress_predict,60,binary,wrist_all,none,False,DT,,56,19262,0.7029384279929395,0.4127797085543565,0.5,0.47852350930997045,0.6355003966039788,0.12728165820932957,0.488778538728466,0.1127560641404001,0.6356556951510747
wesad,stress_predict,60,binary,wrist_all,none,False,RF,,56,19262,0.7029384279929395,0.4127797085543565,0.5,0.47852350930997045,0.6355164475788246,0.13400259620914318,0.49412261410992536,0.126035869900792,0.6358633579067594
wesad,stress_predict,60,binary,wrist_all,none,False,AB,,56,19262,0.7029384279929395,0.4127797085543565,0.5,0.47852350930997045,0.6299529425709468,0.11015488844369295,0.5066741786836995,0.11384566231884548,0.630048800747586
wesad,stress_predict,60,binary,wrist_all,none,False,LDA,,56,19262,0.7029384279929395,0.4127797085543565,0.5,0.47852350930997045,0.6267290631849067,0.1297725427757519,0.5182375559086312,0.10761213051221703,0.6274530163015263
wesad,stress_predict,60,binary,wrist_all,none,False,kNN,,56,19262,0.7029384279929395,0.4127797085543565,0.5,0.47852350930997045,0.6538905000680344,0.07458281697521006,0.525381374892511,0.08534269606249516,0.653878101962413
wesad,stress_predict,60,binary,wrist_physio,rest_minutes:5,True,DT,,41,19262,0.7029384279929395,0.4127797085543565,0.5,0.47852350930997045,0.6217049610978606,0.11626714812100107,0.534972821047397,0.12087822902755264,0.6222095317204859
wesad,stress_predict,60,binary,wrist_physio,rest_minutes:5,True,RF,,41,19262,0.7029384279929395,0.4127797085543565,0.5,0.47852350930997045,0.6291678946368583,0.1166681631297314,0.5635255186334492,0.11527577128249453,0.6303083791921918
wesad,stress_predict,60,binary,wrist_physio,rest_minutes:5,True,AB,,41,19262,0.7029384279929395,0.4127797085543565,0.5,0.47852350930997045,0.6657064324931646,0.09974350450815736,0.6064265115013573,0.10857977192672255,0.6662340359256568
wesad,stress_predict,60,binary,wrist_physio,rest_minutes:5,True,LDA,,41,19262,0.7029384279929395,0.4127797085543565,0.5,0.47852350930997045,0.6827240625218552,0.07638671988236671,0.5204612022812141,0.11817929225830705,0.6837815387810197
wesad,stress_predict,60,binary,wrist_physio,rest_minutes:5,True,kNN,,41,19262,0.7029384279929395,0.4127797085543565,0.5,0.47852350930997045,0.6742970792890975,0.07303947955225328,0.5265454823315923,0.09696916747555563,0.6754231128647077
wesad,stress_predict,60,binary,wrist_all,rest_minutes:5,True,DT,,56,19262,0.7029384279929395,0.4127797085543565,0.5,0.47852350930997045,0.6281311956888022,0.11729829420167674,0.5422593280743302,0.11681856154053838,0.6285951614577926
wesad,stress_predict,60,binary,wrist_all,rest_minutes:5,True,RF,,56,19262,0.7029384279929395,0.4127797085543565,0.5,0.47852350930997045,0.6458898260986121,0.11385600493786151,0.5751483246792998,0.11685838030991164,0.6468694839580521
wesad,stress_predict,60,binary,wrist_all,rest_minutes:5,True,AB,,56,19262,0.7029384279929395,0.4127797085543565,0.5,0.47852350930997045,0.6384846670697337,0.11418764372469838,0.5513554731088108,0.11709637176936623,0.6396012875090853
wesad,stress_predict,60,binary,wrist_all,rest_minutes:5,True,LDA,,56,19262,0.7029384279929395,0.4127797085543565,0.5,0.47852350930997045,0.6940575856965459,0.07394141885761471,0.5483203391393652,0.12697022144359887,0.6943204236320216
wesad,stress_predict,60,binary,wrist_all,rest_minutes:5,True,kNN,,56,19262,0.7029384279929395,0.4127797085543565,0.5,0.47852350930997045,0.6840889157399572,0.06759311910020739,0.5055542963054589,0.10020613714112754,0.6845602741148376
wesad,stress_predict,60,binary,wrist_physio,recording,True,DT,,41,19262,0.7029384279929395,0.4127797085543565,0.5,0.47852350930997045,0.7112565553098238,0.09715298149861726,0.6440927724806095,0.11376483411364599,0.7108815283978819
wesad,stress_predict,60,binary,wrist_physio,recording,True,RF,,41,19262,0.7029384279929395,0.4127797085543565,0.5,0.47852350930997045,0.7107981515272277,0.10206468797471212,0.642617388160132,0.11952171924008548,0.7111411068424878
wesad,stress_predict,60,binary,wrist_physio,recording,True,AB,,41,19262,0.7029384279929395,0.4127797085543565,0.5,0.47852350930997045,0.6864943456787348,0.10354816229525275,0.6158868505015297,0.11317701390663129,0.6871560585608971
wesad,stress_predict,60,binary,wrist_physio,recording,True,LDA,,41,19262,0.7029384279929395,0.4127797085543565,0.5,0.47852350930997045,0.7283299895981893,0.06871734022739923,0.6256717828573676,0.09941514412813737,0.7291039352092202
wesad,stress_predict,60,binary,wrist_physio,recording,True,kNN,,41,19262,0.7029384279929395,0.4127797085543565,0.5,0.47852350930997045,0.7187354003645607,0.08361897336873736,0.6368916100210155,0.10839003618500063,0.719032291558509
wesad,stress_predict,60,binary,wrist_all,recording,True,DT,,56,19262,0.7029384279929395,0.4127797085543565,0.5,0.47852350930997045,0.7042289906152911,0.09747146691375354,0.6328003284934968,0.11761543613078013,0.703872910393521
wesad,stress_predict,60,binary,wrist_all,recording,True,RF,,56,19262,0.7029384279929395,0.4127797085543565,0.5,0.47852350930997045,0.7139547312099693,0.09875142048980723,0.6388334501517491,0.11686558292758663,0.7144117952445229
wesad,stress_predict,60,binary,wrist_all,recording,True,AB,,56,19262,0.7029384279929395,0.4127797085543565,0.5,0.47852350930997045,0.7060054061637165,0.09845176619037434,0.6343102076860744,0.11394454011815139,0.7061052850171322
wesad,stress_predict,60,binary,wrist_all,recording,True,LDA,,56,19262,0.7029384279929395,0.4127797085543565,0.5,0.47852350930997045,0.7232257379956214,0.07423437016463617,0.6153647915364412,0.108930756438176,0.7237047035614163
wesad,stress_predict,60,binary,wrist_all,recording,True,kNN,,56,19262,0.7029384279929395,0.4127797085543565,0.5,0.47852350930997045,0.7129649449723383,0.0797661691868822,0.605237586944989,0.11556279894314955,0.7131139030214931
