subject,accuracy,f1_macro,balanced_accuracy,kappa,majority_accuracy,majority_f1_macro,f1_non-stress,f1_stress
S02,0.5616883116883117,0.5615727706956,0.6666075859624248,0.24040920716112535,0.7045454545454546,0.41333333333333333,0.5686900958466453,0.5544554455445545
S03,0.8321428571428572,0.7245421245421245,0.6935572498111133,0.4613621480026196,0.7535714285714286,0.42973523421588594,0.8967032967032966,0.5523809523809524
S04,0.6677631578947368,0.6589012942287396,0.753295978905735,0.3752746805566859,0.7302631578947368,0.4220532319391635,0.7138810198300283,0.6039215686274509
S05,0.7214285714285714,0.5704507906537645,0.5801322136859032,0.1977077363896849,0.6892857142857143,0.4080338266384778,0.8251121076233183,0.31578947368421056
S06,0.7256944444444444,0.7236118028644662,0.7984693877551021,0.4861788617886178,0.6805555555555556,0.4049586776859504,0.7476038338658146,0.6996197718631179
S07,0.3797909407665505,0.352423689281006,0.3647798742138365,-0.20241962058089724,0.7386759581881533,0.4248496993987976,0.48554913294797686,0.21929824561403508
S08,0.5056179775280899,0.502540650406504,0.6507936507936508,0.20146818923327903,0.7078651685393258,0.41447368421052627,0.46341463414634143,0.5416666666666666
S09,0.6617100371747212,0.5776642915063578,0.5804879783753023,0.15604206171349783,0.7360594795539034,0.423982869379015,0.7660668380462725,0.389261744966443
S10,0.610236220472441,0.6064234399211157,0.6891891891891893,0.28615227388860504,0.7086614173228346,0.4147465437788018,0.6451612903225806,0.5676855895196508
S11,0.5487364620938628,0.39975730259166165,0.42824648469809756,-0.16320086001276574,0.6714801444043321,0.4017278617710583,0.6987951807228916,0.10071942446043167
S12,0.5964912280701754,0.47290973126839386,0.47995792918078767,-0.04369009330318754,0.6982456140350877,0.4111570247933884,0.7281323877068557,0.21768707482993196
S13,0.5888501742160279,0.5884454598483375,0.6806581413295116,0.27907867847411455,0.6724738675958188,0.40208333333333335,0.5755395683453237,0.6013513513513513
S14,0.6298701298701299,0.6172161172161172,0.6616654163540885,0.26913950293493205,0.698051948051948,0.4110898661567878,0.6868131868131869,0.5476190476190477
S15,0.5525423728813559,0.4876315789473684,0.4896358543417367,-0.01937172774869115,0.711864406779661,0.4158415841584159,0.6699999999999999,0.30526315789473685
S16,0.8108108108108109,0.6958085590545402,0.6700468481290399,0.4089709762532982,0.7398648648648649,0.42524271844660194,0.8828451882845189,0.5087719298245614
S17,0.5950704225352113,0.5949448723195794,0.7081218274111676,0.3040402318445278,0.6936619718309859,0.40956340956340953,0.5878136200716846,0.6020761245674741
S18,0.5238095238095238,0.4035819857416102,0.40862901882392133,-0.19035224709352774,0.7040816326530612,0.41317365269461076,0.6713615023474179,0.1358024691358025
S19,0.7627737226277372,0.746711228045225,0.8353222784985777,0.5204889343600236,0.7408759124087592,0.4255765199161426,0.8104956268221576,0.6829268292682926
S20,0.6143344709897611,0.5815608214849921,0.6092070280892382,0.18585093564806848,0.7201365187713311,0.41865079365079366,0.6986666666666667,0.4644549763033175
S21,0.7054545454545454,0.703888334995015,0.7687828475871954,0.44695483774859096,0.6690909090909091,0.4008714596949891,0.7254237288135593,0.6823529411764707
S22,0.5875486381322957,0.37009803921568624,0.4494047619047619,-0.12495870498843747,0.6536964980544747,0.39529411764705885,0.7401960784313725,0.0
S23,0.7769230769230769,0.7634732417341112,0.7945681029201552,0.5344242050015436,0.6807692307692308,0.4050343249427918,0.8198757763975155,0.7070707070707071
S24,0.7153024911032029,0.6158053048947225,0.6093637454981993,0.24482665950013444,0.697508896797153,0.4109014675052411,0.8113207547169812,0.42028985507246375
S25,0.4420289855072464,0.44129554655870445,0.5348321527563905,0.05052941964884064,0.6920289855072463,0.4089935760171306,0.42105263157894735,0.46153846153846156
S26,0.5693430656934306,0.5146219900318261,0.5173784141802813,0.032960459412573966,0.6970802919708029,0.410752688172043,0.6775956284153005,0.3516483516483517
S27,0.5501730103806228,0.544937015503876,0.6649484536082474,0.2445204102151619,0.671280276816609,0.4016563146997929,0.49612403100775193,0.59375
S28,0.6476868327402135,0.6148926450433988,0.6326444283297075,0.2398972649525944,0.701067615658363,0.41213389121338906,0.7272727272727273,0.5025125628140703
S29,0.8268551236749117,0.7768174721967392,0.7599306054079924,0.5562133964860626,0.7031802120141343,0.41286307053941906,0.882494004796163,0.6711409395973155
S30,0.479020979020979,0.4691497975708502,0.5318922305764411,0.045599104143337045,0.7342657342657343,0.42338709677419356,0.5415384615384615,0.39676113360323884
S31,0.647887323943662,0.6449112278069518,0.7285249778303281,0.3525147052118007,0.7007042253521126,0.412008281573499,0.6774193548387096,0.6124031007751939
S32,0.656934306569343,0.47255897771952815,0.5053221288515406,0.013104452448463482,0.6897810218978102,0.408207343412527,0.7844036697247706,0.16071428571428573
S33,0.41697416974169743,0.41633042529989095,0.4726254138018844,-0.0418511849725047,0.6900369003690037,0.40829694323144106,0.43571428571428567,0.3969465648854962
S34,0.5672131147540984,0.5668359442244792,0.7040358744394619,0.2704407074514353,0.7311475409836066,0.42234848484848486,0.5796178343949044,0.5540540540540541
S35,0.7003257328990228,0.41187739463601536,0.5,0.0,0.7003257328990228,0.41187739463601536,0.8237547892720307,0.0
